"","compound","Cmax","dose","original.reference","method.KaFa","method.phys.chem.Fup","method.Fup","method.phys.chem","method.partition","method.Clint","logP","frac.unionized","frac.ionized.acid","frac.ionized.base","Fup","Fuinc","Ka","Fa","Kpad","Kpbo","Kpbr","Kpgu","Kphe","Kpki","Kpli","Kplu","Kpmu","Kpsk","Kpsp","Clint","original.reference.Clint","time","Aad","Abo","Abr","Agu","Ahe","Aki","Ali","Alu","Amu","Ask","Asp","Ate","Ave","Aar","Are","D","AliClearance","AkiClearance","ERROR","MASSBBAL","Calculated","Cplasmavenous","Cadipose","Cbone","Cbrain","Cgut","Cheart","Ckidney","Cliver","Clung","Cmuscle","Cskin","Cspleen","Cgonads","Cvenous","Carterial"
"1","Antipyrine",14.738,10,"Mey1987","in silico","ADMET","in silico","ADMET","Schmitt","in silico",0.588327319,1,0,0,0.620936487159923,1,2.43859296411879,0.995390782902795,15.8448712360326,1.82235165096266,2.74930832844927,1.72921833775329,2.41261174752556,1.59742960231637,1.48942612625579,0.761475537489119,0.995369928465179,2.41017179762296,1.06804678174142,34.13947097,"this work",0.3,14.3133907548475,11.8665862099984,11.9271704438179,39.4565146248167,2.62827925634799,1.58172763828337,16.6817739385176,1.37951095133509,37.9168223607417,10.3489498663217,0.65844034934272,1.69832077347637,12.2514958386876,6.12734013799824,16.6755994028341,335.252032304237,172.846256895333,3.16333628501823,1.30529453126027e-13,1.00000000000091,696.773548031956,3.40508500241456,0.973700051350172,1.97973420386592,8.51940745986995,32.9628359438736,7.98869074877809,5.13547934507588,11.3481455364065,2.59306569799829,1.35417222716935,3.98496336785588,3.61780411726769,2.42617253353767,3.40508500241456,3.40597006003237
"2","Antipyrine",16.6,10,"Allen1987","in vitro",NA,"in vitro","ChemAxon","Berezhkovskiy","hep",1.22,0.999999876973138,0,1.23026862031139e-07,0.97,0.933,3.75502284086935,0.999222601493282,1.01193045525597,1.65534620421685,1.82656651654872,1.63793264498112,2.31470501648606,1.42959555875287,1.47410260213079,0.878072425781398,0.996992478164528,1.31849089958735,1.12133283850263,0.480919003,"Wood 2017",0.3,33.4271297580507,31.2519537529206,23.3839757111866,52.0261064525492,7.0401129149675,3.84214193728387,45.1062610232915,4.47073576578468,101.974503732536,22.0772325338891,1.93219413528698,4.62465057341631,34.4348257194018,17.2150632105986,45.3823660417522,226.73814024967,31.3419739860641,13.1864535466467,1.13775286459411e-13,1.0000000000008,699.455821045297,9.57054633668754,2.27395440530957,5.21384673632274,16.7028397937047,43.4637480806593,21.3985194983815,12.4744868093632,30.6845313083616,8.40363865749,3.64194656187628,8.50105218863656,10.6164512927856,6.60664367630901,9.57054633668754,9.56924025047171
"3","Bisphenol A",0.00148,0.1,"Thayer2015","in silico","ChemAxon","in silico","ChemAxon","Berezhkovskiy","in silico",4.04,0.995844381597938,0.00415561840206236,0,0.044317342025393,1,2.09165732798688,0.991966426923377,43.6025586887267,13.3949649011523,11.2435481219565,9.74138072754212,16.977061443253,7.4618201328794,8.12019271660047,1.17117510966863,2.85847078385075,7.17183850535042,3.7218079106448,88.51699509,"this work",0.8,0.307539482337083,0.289846076310179,0.366108962990212,1.18573468125322,0.126526677197426,0.0697221489927725,0.893467609486182,0.0189739247129227,0.843223730076019,0.23461991210174,0.0202130442341949,0.0394336756872753,0.109556972508191,0.0547985735830608,0.386420182983286,1.30280332587454,0.689996326492054,0.00477968164331747,-5.50013891751189e-13,0.999999999999962,6.94376498846368,0.0304494087015539,0.0209210532202097,0.0483557933994623,0.261506402135866,0.990588706143043,0.384579565949624,0.226370613612898,0.607801094888559,0.0356652720167719,0.0301151332170007,0.0903426692729074,0.111060682605466,0.0563338224103933,0.0304494087015539,0.030460574531996
"4","Bisphenol A",0.00148,0.1,"Thayer2015","in vitro",NA,"in vitro","ADMET","RodgersRowland","S9",3.644984609,0.996031352769631,0.00396864723036916,0,0.0456,0.628,2.01576191181865,0.990872646358375,19.1128586574695,14.9573158778985,12.3892223957041,10.5477006236662,18.3598447473641,8.2534944802451,8.14602428119967,0.974379531998474,3.19500438947708,10.2723539169618,3.46351179063644,73,"this work",0.7,0.16717173438525,0.161215446281349,0.227354756112573,1.32789557703603,0.0774553309974637,0.0480427053117321,0.59815360278325,0.00983263837747591,0.484222146435471,0.142752108049705,0.0116980500278314,0.0239476973032001,0.0682389850834856,0.0341385435164479,0.234061411964997,1.69165537835179,1.62557327512464,0.00269913736593113,1.40856541995838e-13,1.00000000000001,6.93610852450862,0.0189658101955213,0.0113722268289285,0.0268960025694481,0.162396254366124,1.10935303010529,0.235426537986212,0.155982809453676,0.406907212777721,0.0184824029651803,0.0172936480869811,0.0549680816517924,0.0642750001529198,0.0342109961474286,0.0189658101955213,0.0189763999535563
"5","Bosentan",4.62,4.286,"Weber1996","in silico",NA,"in vitro","ADMET","Schmitt","in silico",4.06953122,0.0520912615983965,0.947908550672625,6.91783111219646e-05,0.02,1,0.634343649481994,0.841369835225474,0.88331669482451,0.123249192648183,0.453982130718063,0.139711261173746,0.158639148039632,0.176227625167507,0.141682334322204,0.0893614926512673,0.121983616679799,0.444466918772297,0.128601085685107,65.76279075,"this work",2.3,66.0245526497723,4.12693693791346,3.55112834706969,1.04360539880129,0.291621707493837,0.302729091316601,1.19055204035109,0.265632149590645,19.0772499617483,6.44644348403973,0.13077643174578,0.477072366276129,20.1038757353502,10.0518768010002,4.75977944499004,58.6821063013367,54.5415447714779,1.36029434404821,9.77310975223777e-12,1.00000000002467,252.427777964322,5.5875141009867,4.49146616665118,0.68850788833447,2.53652024790692,0.871850792649368,0.886388168674278,0.982886660118833,0.809899347177615,0.499308551862115,0.681330355776724,2.48226549250664,0.71855182277901,0.681531951823042,5.5875141009867,5.587480156198
"6","Bosentan",9.49,8.571,"Weber1996","in silico",NA,"in vitro","ChemAxon","Berezhkovskiy","in silico",4.94,0.0245033675341756,0.975496632449664,2.69153471732508e-08,0.02,1,0.634343649481994,0.841369835225474,115.790205714674,17.6960102806342,14.7773131678631,12.7886921776696,22.3889431717028,9.76326072321034,10.6410745706504,1.40906889310726,3.65492606615878,9.39386200353539,4.79359018265742,65.76279075,"this work",2.1,38.9374779794447,34.0384511034516,26.1510480185213,47.392411308108,9.22379323355377,4.00943333677962,39.4540285947427,1.00126669834806,83.4730466938831,22.2994690839263,1.1629376302888,3.05035799219032,4.80575184525027,2.402974548012,30.1921601807422,133.224282906447,23.7065481820063,0.271220704525809,1.21615092232941e-12,1.00000000000614,504.796660040222,1.33567310874104,2.64880802581257,5.67872551579681,18.6793200132295,39.5926577344261,28.0358456946923,13.0176407038299,26.8394752345188,1.88208026005275,2.98118023906725,8.5866265244229,6.38976719938903,4.35765427455759,1.33567310874104,1.33572793107949
"7","Bufuralol",0.064,0.214,"Pringle1986","in silico","ADMET","in silico","ADMET","Schmitt","in silico",3.255604529,0.0200088511406639,0,0.979991148859336,0.274981441572269,1,1.97768034076316,0.990260284194867,10.1104009083796,1.40620687138517,24.4257417136045,4.70738820792612,4.12345270956529,5.35670620611037,3.74764449805926,2.20475992809121,2.90017277771741,17.7009109540029,3.00046767583802,18.96506626,"this work",0.5,0.457709395109556,0.319108280060232,0.888977390545447,1.69507303250267,0.0928903145052925,0.114419505501205,1.08574183996374,0.0832571681141609,1.38084929751946,0.434584603794173,0.0376350760828419,0.071322138479948,0.255272546910906,0.127780883582781,0.695645955521011,5.51840230007213,1.53015479603641,0.045274532937177,-2.27521602885173e-13,0.999999999999966,14.8340990572391,0.0709484566178171,0.0311366935448677,0.0532376848397876,0.634983850389605,1.4161011132019,0.282341381475053,0.371491900977939,0.738599891131794,0.156498436304814,0.0493160463399808,0.167341010317356,0.206786132323307,0.101888769257069,0.0709484566178171,0.0710288402350091
"8","Bufuralol",0.455,1.714,"Pringle1986","in silico",NA,"in vitro","ADMET","Berezhkovskiy","in silico",3.255604529,0.0200088511406639,0,0.979991148859336,0.176,1,1.97768034076316,0.990260284194867,0.388266321039861,11.3824640599273,9.60517508638455,8.32968236063928,14.4520194363351,6.40146320081139,6.95617087692089,1.08343250337007,2.50647419039038,6.14613451091763,3.24181042184003,18.96506626,"this work",0.8,2.79203823507232,5.7249899263363,6.62129753776535,17.8241960643107,2.29186684466482,1.18542089535127,13.786397807757,0.353055953118746,16.3462794957184,4.48545392144696,0.35398037006071,0.737942713024189,2.20402757053819,1.10171117880289,7.24264517152443,24.4197780252785,10.9608745814401,0.379472605490014,-5.2627732304042e-13,0.999999999999375,118.811428897701,0.61257019748143,0.189934573814444,0.955115327473553,4.72949824126096,14.8907235290816,6.96616062208151,3.84876914075087,9.37850191003877,0.663639009621704,0.583795696275657,1.72716747071504,1.94494708824566,1.05420387574884,0.61257019748143,0.612401989329013
"9","Buspirone",0.0015,0.214,"Gammans1989","in silico","ADMET","in silico","ADMET","RodgersRowland","in silico",1.967887664,0.999946619987966,0,5.33800120338102e-05,0.282689450085061,1,1.50227644039689,0.976848918428289,1.09868160177379,1.48034385104816,1.37942960091632,1.25628951383372,1.90661914877282,1.050656483578,1.0231093306616,0.494210300251263,0.611279589203523,1.25596617210195,0.655791141449566,23.54755228,"this work",0.8,1.07366173282669,0.823552571609122,0.243198123424766,0.370754060483951,0.0790011984388002,0.0397924017123877,0.246486525695678,0.0331847563833517,1.92764500672898,0.394426649569792,0.015054416210647,0.0533078392260194,0.454130764072704,0.227043197436082,0.531309588644292,4.39941494430961,3.5682344851986,0.152998536084225,4.00594460043049e-13,1.00000000000006,14.6331967980557,0.126217555328712,0.0730382131174622,0.137395470427929,0.173712945303404,0.309736057212992,0.240125223218238,0.129196109455804,0.167677908636516,0.0623773616228416,0.068844464526035,0.151877801143547,0.0827165725859726,0.0761540560371706,0.126217555328712,0.126205223699879
"10","Buspirone",0.01882,0.286,"Dalhoff1987","in silico",NA,"in vitro","ChemAxon","Berezhkovskiy","in silico",1.78,0.999987843490136,0,1.21565098637477e-05,0.05,1,1.50227644039689,0.976848918428289,0.271352382062977,0.487812797213089,0.637991622877752,0.595699169479954,0.735902862940181,0.554298556945175,0.554205230442906,0.455771273609494,0.467045361455458,0.502801947731711,0.504091781220433,23.54755228,"this work",1.7,1.73626774009612,1.27965010500162,0.392569410728344,0.342465967453256,0.106411473406088,0.0746922099550552,0.363021541987992,0.106557899463778,5.69732672286622,0.573633087947117,0.0403228757508962,0.143584890518426,1.58119715943637,0.790629345596569,1.43245748906204,1.52111113668884,3.17414823232635,0.20046805864924,1.08998365478973e-13,1.00000000000002,19.5565153469343,0.439465580721616,0.118113451707219,0.213487437500584,0.280406721948817,0.286103565123856,0.323439128893884,0.242507175178751,0.246953429923804,0.200296803503343,0.203475954388079,0.220882975720877,0.221554262367562,0.205121272169181,0.439465580721616,0.439482682377192
"11","Caffeine",3.14,2.286,"White2016","in vitro",NA,"in vitro","ADMET","Schmitt","hep",-0.152857207,0.999993081738154,0,6.91826184640032e-06,0.594118,0.956,3.51330645928587,0.998956183165347,9.06230817152209,1.1555773107644,1.75700855795,1.17206306140678,1.56727573487684,1.09821579901335,1.03180348884649,0.628777268094238,0.753412094664702,1.54585196545915,0.804720323381925,1.981308411,"Wood 2017",0.3,8.79823717383538,6.58179096259558,4.96570853273888,8.16686205941412,1.06322605319152,0.664418667549087,6.27435340393678,0.693932805873722,21.646400799949,5.39357461408204,0.303502489942279,0.888360181819685,7.46332540894974,3.7333429811783,8.75523101015393,55.7157301410908,16.8730253533031,1.87194579051536,-3.20038329454557e-13,0.999999999999488,159.852968430119,2.07429833489431,0.59851953563506,1.09805772787183,3.54693466624206,6.82277532114797,3.23169013128121,2.15720346606846,4.2682676217257,1.30438497344685,0.773085742855322,2.07684813788296,1.66759609858395,1.26908597402812,2.07429833489431,2.07523234084397
"12","Caffeine",4.28,2.857,"Balogh1995","in vitro","ChemAxon","in silico","ChemAxon","RodgersRowland","S9",-0.55,0.999999997245771,0,2.75422862294761e-09,0.841453972446858,0.776,3.51330645928587,0.998956183165347,0.163495116178401,0.39389412772417,0.705196003683606,0.656716089531203,0.679290281313351,0.655635469033187,0.63399379964044,0.662425388294942,0.638564083496558,0.607976298004865,0.671502668617533,0,"this work",0.6,10.7567472873321,10.5835897445878,4.56530329452633,4.86937274628263,1.03377020521415,0.863310139535741,5.34418732741541,1.63089835737168,68.0134526292964,7.22853329714615,0.565218779503898,2.02254367443253,16.6511511796475,8.32487442686021,20.1362449293247,24.2699628702059,0,12.9220861825601,-2.71724527741658e-12,0.999999999994571,199.781247071243,4.6278908225813,0.731751516145041,1.76568848413968,3.26093092466166,4.06798057333553,3.14215867846247,2.80295499849266,3.63550158327579,3.06559841611218,2.42905187961773,2.78341674899736,3.10559768958185,2.88934810633219,4.6278908225813,4.62750107107294
"13","Carvedilol",0.00181,0.143,"Othman2007","in silico","ADMET","in silico","ADMET","Berezhkovskiy","hep",3.9353425,0.200759892673487,2.88402318560088e-06,0.799239991086898,0.12702084413779,0.517,1.40184906539791,0.971795074862293,77.0572498486246,16.4843699542768,13.7865234866993,11.9346475266606,20.8666205522571,9.120062572005,9.93575113089887,1.34938600119918,3.43699015503315,8.77225623851255,4.49834976661728,37.4376947,"Wood 2017",0.8,0.16447676586643,0.156329382526281,0.217460449194208,1.69238312102178,0.0749018277142265,0.0448785285337568,0.618524481807185,0.0116326107793243,0.465192835562338,0.130991860409806,0.012772171420538,0.0226827434367597,0.0583019533815575,0.0291517398029904,0.221845075898474,3.16925017110684,2.62959014991812,0.00730283099096065,-1.82608690149471e-13,0.999999999999982,9.72766869937157,0.0162039892666919,0.0111888956371721,0.0260808475310068,0.155328892281577,1.41385390227383,0.227665129830476,0.145709508226483,0.42076495361033,0.021865809735572,0.0166140298415121,0.0504396844088587,0.0701767660469121,0.032403919195371,0.0162039892666919,0.01620441345358
"14","Carvedilol",0.0467,0.179,"Gehr1999","in silico","ADMET","in silico","ADMET","Berezhkovskiy","hep",3.9353425,0.200759892673487,2.88402318560088e-06,0.799239991086898,0.12702084413779,0.517,1.40184906539791,0.971795074862293,77.0572498486246,16.4843699542768,13.7865234866993,11.9346475266606,20.8666205522571,9.120062572005,9.93575113089887,1.34938600119918,3.43699015503315,8.77225623851255,4.49834976661728,37.4376947,"Wood 2017",0.8,0.205883501895925,0.19568502882505,0.27220571920385,2.11843775826245,0.0937582262742486,0.0561766147725352,0.774236947951524,0.0145610997340027,0.582304307784883,0.163968828761353,0.0159875389585003,0.0283930832445213,0.0729793662673265,0.0364906382972597,0.277694174670425,3.9671033570973,3.2915847901974,0.00914130582595657,1.75059504076253e-13,1.00000000000002,12.1765922880245,0.0202833146935316,0.0140056804010833,0.0326466548924597,0.194432656574179,1.76978927173137,0.284979411167929,0.182391606404335,0.526691801327567,0.0273704882218096,0.0207965824208887,0.0631377854298627,0.0878436206511007,0.0405615474921733,0.0202833146935316,0.0202838456349415
"15","Chlorpromazine",0.0119,0.714,"Yeung1993","in silico","ChemAxon","in silico","ChemAxon","RodgersRowland","hep",4.54,0.0156016622418296,0,0.98439833775817,0.0885294309021239,0.258,3.07521876760346,0.998158089454127,23.3202248106799,5.74424139431012,55.9811588621568,11.7934952055548,12.5857874862528,12.2142319259146,8.82507033100205,4.01349516863983,5.87299985841034,38.686197352836,5.95949367649287,13.26635514,"Wood 2017",0.5,0.810671952511053,0.747499611954918,1.78539169018266,14.4127544245225,0.382599884898661,0.53138848939567,6.40729834798149,0.315146518898846,2.60756663570724,0.792920435476624,0.125099022238078,0.150001245019903,0.531684253085609,0.265223684274185,1.45512026275655,10.7206380847919,7.82116546993695,0.0257712972844803,-1.85156078245704e-13,0.999999999999908,49.8879413109174,0.147772165949308,0.0551477518715002,0.124707352474866,1.2752797787019,12.0407305133856,1.16291758327861,1.72528730323269,4.35870635917108,0.592380674621891,0.0931273798466873,0.305321692520841,0.687357265044382,0.214287492885576,0.147772165949308,0.14742839592784
"16","Chlorpromazine",0.0119,0.714,"Yeung1993","in silico",NA,"in vitro","ADMET","Berezhkovskiy","hep",5.312876194,0.999986370934776,0,1.36290652236193e-05,0.05,0.509,3.07521876760346,0.998158089454127,191.511824731963,19.7467877123056,16.4634872470261,14.2428433134784,24.9699721451408,10.8619664487182,11.8443307591763,1.52443757654247,4.03638359008831,10.454494718411,5.3063941589603,13.26635514,"Wood 2017",0.8,1.91437260129517,1.83362683539592,2.7961810739878,12.0282532982226,0.95928172139015,0.648837427902291,9.33013858767631,0.158213315892091,5.57698275142207,1.58600799451161,0.177872337730379,0.283354601026958,0.70178478964695,0.351082119322309,2.76586653077554,4.2614317044806,4.48126433130101,0.0333892889374067,2.13641628745044e-13,1.00000000000011,49.8879413109172,0.195048579668413,0.130229428659536,0.305908851873601,1.99727219570557,10.0486660803865,2.91574991303997,2.10661502565679,6.34703305284103,0.297393450924983,0.199177955407931,0.610707737586296,0.977320536980105,0.404792287181368,0.195048579668413,0.195154040757259
"17","Clozapine",0.0291,0.179,"DiSanto2009","in silico","ADMET","in silico","ADMET","RodgersRowland","in silico",3.671675387,0.653420886597276,0,0.346579113402724,0.0963305181326643,1,2.33201251311655,0.994558315313838,9.26719158959599,7.34192293374574,6.1229174775105,5.33954215692439,9.07101503664334,4.21357718522465,4.12580814445225,0.820302805499724,1.74481761909884,5.30436821702956,1.90447689048127,41.54135358,"this work",0.5,0.465706592600897,0.442435175212674,0.523732947324059,1.76865037546194,0.179382621052811,0.0997915647197867,1.17180783217358,0.0340286979717964,1.29550312024874,0.377533221006167,0.0263655477488955,0.0605006680124983,0.280605589345593,0.140165864951278,0.592884607277996,3.88321328509829,1.10341720595239,0.0160907747230119,-7.12719913158365e-14,0.999999999999991,12.4618156908824,0.0779893244429107,0.031680720585095,0.0738126394450267,0.374094962374328,1.47756923597488,0.545235930251705,0.323998586752554,0.797148185152095,0.0639637179920985,0.0462679685803121,0.14537282287492,0.144865646971953,0.0864295257321405,0.0779893244429107,0.0779132100896485
"18","Clozapine",0.104,1.071,"Choc1990","in silico",NA,"in vitro","ChemAxon","RodgersRowland","in silico",3.4,0.528750563008168,3.16227755092768e-09,0.471249436107731,0.05,1,2.33201251311655,0.994558315313838,23.2812194732797,7.05158687382986,56.4932319722022,12.5961177041661,14.1215868444505,12.7944941821556,9.42205031263425,3.98988399814045,6.0248933630355,39.2098223061429,6.13920536925815,41.54135358,"this work",0.7,2.20860849930567,2.01472875597899,4.69792320207587,18.0689470072023,0.922844205840389,1.07177322927523,12.2346860246187,0.589551149567079,6.9554467260727,2.14123331776658,0.270513505313389,0.386224709585687,0.999761609740423,0.499452287016263,3.75343719593041,14.5737701695844,3.1337498692053,0.0393854349989446,1.33413714463108e-13,1.0000000000001,74.5620368990783,0.277865928221352,0.150245476143243,0.33612256795161,3.35565943005419,15.095193823895,2.804997586141,3.47978321193256,8.32291566300592,1.1081788525697,0.248408811645453,0.824502625247045,1.48633794128236,0.55174958512241,0.277865928221352,0.277627730414821
"19","Coumarin",0.73546,21.681,"CleversonGasparetto2015","in silico","ADMET","in silico","ADMET","RodgersRowland","in silico",1.885303037,1,0,0,0.3002990950748,1,2.34953563582863,0.994706290167638,1.43418705190446,1.85176966310821,1.66671653684051,1.43873196950404,2.34167407241165,1.17550951190131,1.15560912714698,0.343931307556852,0.589981372756027,1.39009132150769,0.632293610309905,28.82287751,"this work",0.5,87.1584130568846,74.7744132509725,31.7668155150941,59.0533980543148,10.4893660169635,4.80438406580481,35.1217017028609,2.49368988406011,176.169686220714,42.7006306910488,1.57058282325622,5.47535020621662,49.034348886604,24.5284461526342,54.461276127733,466.312477248093,372.787185479933,10.9337300155271,2.40983856980353e-13,1.00000000000364,1509.63589539872,13.6282237038922,5.9291437453663,12.4748146490713,22.6905825107815,49.3345012985086,31.8825714801321,15.5986495643013,23.8923140835789,4.68738700011299,6.29177450788263,16.4422913712163,8.62957595195727,7.82192886602375,13.6282237038922,13.6344892454887
"20","Coumarin",0.73546,21.681,"CleversonGasparetto2015","in silico","ChemAxon","in silico","ChemAxon","Berezhkovskiy","in silico",1.783,1,0,0,0.322955011310671,1,2.34953563582863,0.994706290167638,1.30856860346541,1.7508431406234,1.74304354136811,1.55370407944247,2.35735842547347,1.30370743971167,1.3636593507652,0.630672905608617,0.793058665537374,1.21771642414564,0.914643482477497,28.82287751,"this work",0.4,60.773113104132,53.8288538811142,29.5328456300346,71.6031757465112,9.40248208910308,4.79425828903994,44.4120611352755,4.12965846009409,157.163170189786,31.7949871396337,2.04061306768953,5.94302935814307,44.2873852328058,22.1357398382615,58.7549736383471,589.815351130012,311.210141931018,8.01405553772795,-6.77767097757241e-13,0.999999999989768,1509.63589539873,12.308889725627,4.13422538123347,8.98041115595254,21.094889735739,59.8188602727746,28.5789729152069,15.5657736657141,30.212286486582,7.7625159024325,5.61297036392095,12.2429677087538,11.2121597125798,8.49004194020438,12.308889725627,12.3044690596228
"21","Curcumin",0.0021,2.571,"Liu2019","in silico","ChemAxon","in silico","ChemAxon","Schmitt","hep",3.76,0.960584205455708,0.0394157945442922,0,0.0583106217034191,0.576,1.15181554744734,0.952688791871116,13.3677796204642,1.32248446942495,1.97638284286887,1.08997939860196,1.67222977389694,0.989644656011514,0.905719311903059,0.269740041137757,0.487044908812068,1.72697054159689,0.528563687371505,1220,"Wambaugh 2019",0.4,0.364260494555858,0.252866448196327,0.162514091493659,3.0004552459949,0.0327364274505669,0.0181708209545429,0.129935121754639,0.00860767716192974,0.626652891561506,0.196352636878442,0.00575625477796105,0.0195957372381655,0.215825983086448,0.107861481032165,0.194857337849342,108.158415919786,57.9530003607286,0.00753694254404136,-1.32613888486052e-13,0.999999999999773,171.455401873045,0.059984986961214,0.0247796254799903,0.042186383484288,0.116081493924042,2.50664598662899,0.0995028189986837,0.058996171930334,0.0883912392888701,0.0161798442893416,0.0223804604129109,0.0756074843582758,0.0316277735052805,0.0279939103402365,0.059984986961214,0.0599563541034824
"22","Curcumin",0.006,28.571,"Shoba1998","in vitro","ChemAxon","in silico","ChemAxon","Schmitt","in silico",3.76,0.960584205455708,0.0394157945442922,0,0.0583106217034191,1,3.40781671119545,0.99880817671773,13.3677796204642,1.32248446942495,1.97638284286887,1.08997939860196,1.67222977389694,0.989644656011514,0.905719311903059,0.269740041137757,0.487044908812068,1.72697054159689,0.528563687371505,57.10945886,"this work",0.3,120.601384811857,93.2668129079276,76.4143551701714,98.4071810106901,15.7566017711915,8.8431656360689,72.424622413106,4.19435924989396,250.968244333481,77.428629041461,2.79553225978751,8.94418519147461,105.172682707392,52.5255138266877,88.6012011445056,718.632419200019,200.108613981332,2.50088453311467,-1.36589041659667e-13,0.999999999997272,1997.58638919016,29.230873459531,8.20417583754129,15.5599509692023,54.5816822644081,82.21151295797,47.8924065993663,28.7115767404834,49.2684506211605,7.88413392837211,8.96315158333861,29.8146434506973,15.3600673614698,12.7774074163923,29.230873459531,29.1970616046068
"23","Desipramine",0.0115,0.714,"DeVane1981","in silico","ADMET","in silico","ADMET","RodgersRowland","hep",4.390222043,0.997041719232496,0,0.00295828076750437,0.0312881598455174,0.88,2.78340547028497,0.997236786253229,0.598199420626155,0.573364956798931,0.420409994287081,0.636323408281114,0.793522690664106,0.523234892312295,0.420140364227126,0.567994424621579,0.269685506699146,0.901989816801629,0.352282684196326,4.797507788,"Wood 2017",1,10.2532795235343,4.76581930015635,0.833096957094038,1.19690413513505,0.369521640318311,0.22746596308435,0.921621343931324,0.427707412567074,10.6268588793906,3.29346478601908,0.0907530909505979,0.267072859862979,5.09273184696987,2.54640960747744,2.66449294665056,3.08161202188886,2.93704461483584,0.246037647067747,4.00591732002457e-12,1.000000000002,49.8418945769344,1.41543408754026,0.697502008403697,0.795094335556604,0.59506925506717,0.999919912393528,1.12316607999486,0.738525854169967,0.626953295191377,0.803961301817809,0.37953067426395,1.26818051059649,0.498643356871417,0.381532656947113,1.41543408754026,1.4154583699152
"24","Desipramine",0.0218,0.714,"Harris2007","in silico",NA,"in vitro","ADMET","Schmitt","hep",4.390222043,0.997041719232496,0,0.00295828076750437,0.18,0.88,2.78340547028497,0.997236786253229,14.2289642639841,1.90343234205442,35.3975500751096,6.66830398133167,5.77990930323504,7.61571151115084,5.27073956269942,3.02043046272956,4.03803096523648,25.5832208771148,4.17766150680305,4.797507788,"Wood 2017",0.5,1.6240116803408,1.25189257296549,3.3855363770269,8.8592400783472,0.457487246677553,0.618893839743147,6.27772530857501,0.431901025367642,5.08359149196837,1.56985351485823,0.185840308279178,0.278826647657396,0.966506985959287,0.483813222893483,2.71142432813031,12.3932691827061,3.15719180430641,0.104888961133837,2.85118670464383e-14,1.00000000000001,49.8418945769364,0.268623397987573,0.110476985057197,0.208856574452496,2.41824026930493,7.40120307297176,1.39053874370077,2.00939558358165,4.27056143440477,0.811844032645943,0.18155683899887,0.604487298751725,1.02110059494054,0.398323782367709,0.268623397987573,0.268934531902992
"25","Dextromethorphan",0.00142,0.429,"Donato2012","in silico","ADMET","in silico","ADMET","Berezhkovskiy","hep",3.806411219,0.029976589159516,0,0.970023410840484,0.172352458350027,0.683,2.87322261728328,0.997567217203744,1.85346024629828,16.511380683223,13.8109330142985,11.9558639165147,20.9016683547613,9.1369384349454,9.9538603685716,1.35433886511621,3.44502558256273,8.78826544845506,4.50823565886952,52.64,"Brown 2007",0.5,0.289525663190677,0.315165642366127,0.537274158622902,8.36925783926237,0.183005797373675,0.151520756859119,2.41676168887702,0.0400905371477136,0.988886828781994,0.283182336007422,0.0396906446015148,0.0531767586300359,0.200255139915157,0.100019609811374,0.517620692275262,7.12172469708604,8.33007799497691,0.0197067468431641,-1.89750395593247e-13,0.999999999999943,29.9569435326285,0.055657348503379,0.0196956233463046,0.0525799240854863,0.383767256159216,6.99186118568285,0.556248624236095,0.491950509282854,1.64405557066464,0.0753581525332963,0.0353173867422141,0.109042100888495,0.218080464843488,0.0759667980429084,0.055657348503379,0.0555973373048216
"26","Dextromethorphan",0.0025,0.429,"Nyunt2008","in silico",NA,"in vitro","ADMET","Schmitt","in silico",3.806411219,0.029976589159516,0,0.970023410840484,0.45,1,2.87322261728328,0.997567217203744,24.7314009389817,3.31070128292249,58.3870099612719,11.14005544716,9.771918550408,12.6920882294955,8.84597377566809,5.12868409262219,6.80674492236575,42.3238303916561,7.03557128386506,49.46674279,"this work",0.5,0.403983177353069,0.348052449545761,0.891039696338731,7.98802611546171,0.165047641078005,0.256679634055667,3.03808433759279,0.191653015368848,1.308816790644,0.395814291230491,0.0679282690693481,0.07609896468865,0.252744771891832,0.126343932717481,0.737808864675184,7.12172390473206,6.52161636952924,0.0654813066555132,1.77890995868669e-13,1.00000000000005,29.9569435326284,0.0702459065847228,0.0274818487995285,0.0580665177761475,0.636456925956236,6.67337185919942,0.501664562547126,0.833375435245672,2.06672403917877,0.360250028888812,0.0467434568087142,0.15241212600327,0.373232247633781,0.108712806698071,0.0702459065847228,0.07023009044885
"27","Diazepam",0.165,0.071,"Nakano1984","in silico","ChemAxon","in silico","ChemAxon","Schmitt","S9",3.08,0.999966887984294,0,3.31120157063269e-05,0.111090642379721,0.301,2.28488357868687,0.994136300703724,16.1328201782386,1.60838249916831,2.39746944027247,1.36156299542941,2.04786665980161,1.22406899698973,1.1241858996702,0.354017843364477,0.612061684615793,2.08955345073971,0.664793200420947,0,"this work",0.6,0.61170044875172,0.398023655910449,0.229736306723609,0.200146271960679,0.0464733372549818,0.0258501651132565,0.177255558970297,0.0130494432880055,0.964526879796398,0.297200694222869,0.00837300063568211,0.0288645506935692,0.249300194001105,0.124627943514153,0.287306016234232,1.25433901965416,0,0.0240839277723689,-5.7523840592948e-13,0.999999999999972,4.94085741449754,0.0692885475267108,0.0416122754252871,0.066403347315654,0.164097361945435,0.167206576408253,0.141256344240066,0.0839291075105729,0.120582012904964,0.0245290287368525,0.0344473885641571,0.114440005476653,0.0460054979982533,0.0412350724193846,0.0692885475267108,0.0692762331929702
"28","Diazepam",0.331,0.143,"Dhillon1982","in vitro","ChemAxon","in silico","ChemAxon","RodgersRowland","in silico",3.08,0.999966887984294,0,3.31120157063269e-05,0.111090642379721,1,2.77202264252368,0.997191356311696,10.9753152993387,9.99691903098726,8.31688589903661,7.08606685848447,12.2898300619879,5.55840217491638,5.48477641850368,0.712357532993455,2.18865731169841,6.89804039603841,2.37059415345006,26.91857445,"this work",0.6,0.454883450463436,0.435864405813274,0.545431784766339,1.66625568694585,0.186245789882732,0.102949469645633,1.20660065875611,0.0229958830393217,1.27363041700236,0.374115627005872,0.0259033627770533,0.0598283151588022,0.218299826535326,0.109213061452381,0.586156809046293,1.89185620205166,0.803589056132532,0.0180656702050609,3.55916092916557e-13,1.00000000000004,9.98188547668004,0.0606725476751878,0.0309444524124787,0.0727164204739172,0.389594131975956,1.39202647196813,0.56609662578338,0.334251524823484,0.820816774664021,0.0432253440588753,0.0454868006072271,0.144056845208268,0.142326169104689,0.0854690216554317,0.0606725476751878,0.0607076495010455
"29","Diclofenac",0.4735,1.071,"Zhai2013","in silico",NA,"in vitro","ChemAxon","Berezhkovskiy","hep",4.26,0.000397948744304876,0.999602051255695,0,0.005,0.937,1.8914589330876,0.988692116385044,0.0908856483812831,5.5348220592429,4.77644303059602,4.16383871128776,7.08248487206592,3.24593414453836,3.50387683890804,0.722130226688215,1.39041442346497,3.10260743977739,1.75009087408507,61.4953271,"Wood 2017",0.9,0.880686054832601,6.99282620343146,4.31547400878883,5.94529012459471,1.49912060340354,0.661377336345205,5.26554605505585,0.254344777549064,17.0335442763823,4.15265122726837,0.210434510374604,0.592872887597322,2.38210607992562,1.19097344387737,5.87783911744838,13.5096416409716,3.34275249028872,0.0147671272521038,-1.15033111692766e-12,0.999999999999147,74.1222479653876,0.662063946616347,0.0599106159750069,1.16663183257866,3.08248143484916,4.96682550091455,4.55659757873416,2.14732901410781,3.58200411908562,0.4780916871223,0.608340867013652,1.59901857037673,1.15623357348683,0.846961267996174,0.662063946616347,0.662019701988532
"30","Diclofenac",1.1942,0.714,"Desjardins2015","in vitro",NA,"in vitro","ADMET","Berezhkovskiy","hep",4.434471232,0.000295033852002358,0.999704966147996,1.90546068923325e-08,0.005,0.934,3.21061338712359,0.998462260290057,15.7658800023204,7.23594474884113,6.17530716646404,5.37022825307903,9.22353827451819,4.15750918795225,4.50216485832519,0.818110158652969,1.70708081253742,3.98257093162848,2.17571920381453,61.4953271,"Wood 2017",0.5,2.52729626429874,2.37392987773846,2.82458971367536,7.74869624548737,0.972246338490144,0.528015012791442,6.6278200295728,0.17992479947161,6.92499827878502,1.88542066570599,0.159809723520374,0.321456161796225,1.48742489711683,0.743592178928995,3.15104735508363,10.0219465688002,1.42044436256621,0.00448529546753423,1.99338108769846e-13,1.0000000000001,49.9031437692969,0.413403251005232,0.171924915938689,0.396049048426261,2.01756408119669,6.47343044735787,2.95515604404299,1.71433445711507,4.50872110855292,0.338204510284982,0.247321367099465,0.725999486217169,0.878075403958096,0.459223088280321,0.413403251005232,0.413336397403555
"31","Diltiazem",0.102,1.286,"Sirisuth2002","in vitro",NA,"in vitro","ChemAxon","Berezhkovskiy","hep",2.73,0.142336611198225,3.4673564819343e-06,0.857663318553857,0.198,0.817,2.83858426902766,0.997445444998945,8.19935930649404,6.19444399715305,5.35488246100826,4.66539992909721,7.9299283044855,3.63876025106445,3.92797547362985,0.815535834751381,1.56248504855016,3.4771993284579,1.96638436236309,4.906542056,"Wood 2017",0.5,4.21616730344479,3.95651948526305,4.25729773036152,11.6621905285169,1.4620083376932,0.737174268899597,8.90914298185379,0.290506528099196,11.4076101581834,3.03326268999865,0.236802683705929,0.513095615606825,2.40894392877964,1.20489215449636,5.03679442981933,21.7188799797744,8.4384332031263,0.300316951182052,1.42440847470282e-13,1.00000000000013,89.7900389588049,0.669523048576888,0.286814102275156,0.660076690517573,3.04092695025823,9.74284923017285,4.44379433949302,2.39342295097272,6.06064148425428,0.546064902442098,0.407414648506551,1.1679871736614,1.30111364673587,0.732993736581179,0.669523048576888,0.669756617285359
"32","Diltiazem",0.169,1.714,"Turner2002","in silico",NA,"in vitro","ADMET","RodgersRowland","hep",3.649400586,0.10513721035592,0,0.89486278964408,0.198,0.598,1.69343455112535,0.983866067853134,21.5748784463998,8.61157092774828,44.3184367310707,11.7706468132482,14.6099447324457,11.4107803289616,8.93920484316733,3.35924580867298,5.37725662944278,31.115302562412,5.5135672645391,4.906542056,"Wood 2017",0.8,3.48864556704353,3.2029906137625,6.97179730037018,22.8025943942857,1.34506044048138,1.23974481946557,14.2593360255689,0.644245474354315,10.7116041003637,3.32197399242989,0.338818923143999,0.571575501000176,1.29680044824136,0.648630622387934,5.56587936226656,30.4568805477399,10.9318699586061,0.245802729507057,2.40771653280239e-13,1.00000000000028,118.044250821019,0.360422581501212,0.237322827690036,0.534363460603718,4.97985521455013,19.0497864613915,4.08832960632639,4.02514551774537,9.70022858882241,1.21098773374871,0.382557289298703,1.27915825661528,1.86164243485714,0.816536430000251,0.360422581501212,0.360550651688679
"33","Disopyramide",2.5,1.429,"Sagawa1997","in silico","ADMET","in silico","ADMET","Berezhkovskiy","hep",4.390222043,0.997041719232496,0,0.00295828076750437,0.0312881598455174,0.88,2.78340547028497,0.997236786253229,65.3632127685513,15.2843496063155,12.795381780027,11.0795535505735,19.3541824117163,8.47226617648588,9.22706840870168,1.27490407920289,3.20766261726676,8.1474801612074,4.19191958673033,0.46,"Pirovano 2016",0.8,5.22727968681743,4.95732384249835,6.73518265961997,19.8555200851798,2.32178759535978,1.36973643243923,18.3055226699603,0.357116763705224,14.6707147240865,4.11897219446301,0.389580732151392,0.708137909408144,1.89421807621747,0.947488838665982,6.92906884300926,10.7615449674224,0.147183115250801,0.0572165926553206,1.70951488351213e-13,1.00000000000017,99.7535957289103,0.526464167931481,0.355597257606628,0.827043548747395,4.8108447568714,16.5877360778445,7.05710515306925,4.44719620921829,12.4527365101771,0.671272112227865,0.523954097288803,1.58605013263882,2.1405534733593,1.01162558486878,0.526464167931481,0.526675285528617
"34","Disopyramide",3.445,2.857,"Roberto1988","in silico",NA,"in vitro","ADMET","RodgersRowland","in silico",4.390222043,0.997041719232496,0,0.00295828076750437,0.18,1,2.78340547028497,0.997236786253229,2.85952945748609,2.11100969024993,1.84858678584263,1.78443224780653,2.70067122787054,1.46634932073211,1.39576868312645,0.750063260866505,0.791465456077367,1.89962643205029,0.874755249226432,66.10776255,"this work",0.3,5.90821729409763,5.26524161372398,3.78263005918854,13.2584920406975,1.29429201862088,0.681524142799594,6.62937283647883,0.613206339651114,15.461098757859,4.14831451640673,0.242481047547292,0.653957081096741,5.5297826754394,2.76276774655367,6.43665958176647,86.5289248698354,39.8453222893411,0.395099971680726,-6.55543410061755e-13,0.999999999998693,199.437384882785,1.53690457905486,0.401919543816165,0.878414291173715,2.7018786137061,11.0764344533813,3.9340182936805,2.21274072337531,4.50977743978152,1.1526434955848,0.552182098494963,1.59734867786166,1.33231344806204,0.934224401566773,1.53690457905486,1.53572415039114
"35","Fluvastatin",0.3087,0.571,"Smit1995","in vitro","ChemAxon","in silico","ChemAxon","RodgersRowland","in silico",3.83,0.00137848135131316,0.998621518648687,0,0.0151493815053009,1,0.665150387779346,0.853299938366882,0.0354463172284421,0.0532499968546651,0.0336793819506754,0.0763667932681184,0.0819355391223311,0.0637077522202294,0.0452635940572924,0.0913984921859606,0.0328624832396196,0.123140914612008,0.0470026863109832,12.63026598,"this work",3.4,1.5823079886594,0.969291020947217,0.143191084640138,0.281388779330987,0.0818638110483356,0.0595074815532447,0.202313982604621,0.147664043261568,2.79432122567616,0.971158207799248,0.0259787272078442,0.0698588210344834,10.9266049289155,5.46330018072473,0.696988338738136,3.55364596921523,5.35952054138954,0.777493403775893,5.89577331082816e-12,1.00000000000201,34.1063985365223,3.03685517757518,0.107639999228531,0.16170940434853,0.102279346171527,0.235078345305754,0.248826173399196,0.193206108939106,0.13762855959498,0.277563991093172,0.0997971866312913,0.373953872853003,0.142740259383759,0.0997983157635477,3.03685517757518,3.03685390812937
"36","Fluvastatin",0.3087,0.571,"Smit1995","in vitro",NA,"in vitro","ADMET","RodgersRowland","in silico",3.766797245,0.00181639556204615,0.998183604437954,0,0.0079,1,0.665150387779346,0.853299938366882,0.0286831397945139,0.0475377035314982,0.0273180730806799,0.0703896382342252,0.0735027264025947,0.0583496231250905,0.0403639822798848,0.0880016142358957,0.0294630511516533,0.117382939829293,0.04312200403203,12.63026598,"this work",4.1,1.49009070535938,1.00701433870121,0.135167236794363,0.299971061074597,0.085465738500907,0.0634705487089352,0.209872747424504,0.165462703448168,2.91552671229667,1.07734336070002,0.027737247386955,0.0728895610200023,12.7162510898862,6.3580682878867,0.727226166029361,2.2308191720861,3.94693371900078,0.577088140224285,-1.41665224429793e-11,0.999999999995168,34.1063985365291,3.53425544465986,0.101366714650298,0.168002885988427,0.0965480262816881,0.250602390204342,0.259774281157772,0.206073210093945,0.142770576479254,0.311020119263474,0.104125954010595,0.414841494301125,0.152402458170083,0.104127944314289,3.53425544465986,3.53422361750233
"37","Genistein",0.001165,0.057,"Yuan2012","in vitro",NA,"in vitro","ChemAxon","RodgersRowland","S9",3.08,0.104988005169579,0.895011994830421,0,0.024258,0.901,3.35973466789129,0.998732854379593,0.269765880175147,0.264825009471738,0.213776623411381,0.220893837500976,0.340566003789021,0.177119330939616,0.160156143114008,0.0923362287952817,0.0773265060042399,0.253951362418137,0.093190658267806,26,"this work",0.6,0.606880108034363,0.273250476282712,0.0522571865427797,0.0545529899286067,0.0195639402266476,0.0095035298504814,0.0424536273392441,0.00857522395683182,0.377596002044248,0.115003172815655,0.00296129582338821,0.00945076976164342,0.628088801478513,0.314083413987303,0.0942905159144695,0.53082810044853,0.832244127539635,0.0133608069994842,1.0141200778241e-12,1.00000000000004,3.98494408897454,0.174566092684412,0.041284361090773,0.0455871052168094,0.0373265618162712,0.0455747618451183,0.0594648639107831,0.0308556163976669,0.0288800185981252,0.01611884202412,0.0134855715015803,0.0442830854122661,0.0162708561724627,0.0135010996594906,0.174566092684412,0.174587778758923
"38","Genistein",0.00602,0.429,"Metzner2005","in silico","ADMET","in silico","ADMET","RodgersRowland","in silico",2.44906833,0.652991119478413,0.347008880521587,0,0.121411778081731,1,1.18038340854082,0.955491639098302,1.57335272943106,1.71673039111447,1.4605737623281,1.26612781635549,2.13701056203901,1.00797703987376,0.986218756196242,0.210850733850455,0.433491303525927,1.24508661077806,0.472640131330601,20.73578326,"this work",1.2,4.09689680681175,2.74523456637851,0.672908903024318,0.724135578115411,0.231354352895538,0.101172521917446,0.566534182518147,0.0369656295958364,3.91331720709065,1.04722967881628,0.0283389201043023,0.0996773424844302,1.18569790033383,0.592808945138732,0.99429650758737,6.96019551644744,4.4430839748265,0.253565388035544,-6.19081732212671e-14,0.999999999999982,28.693413922122,0.329543607652539,0.278700463048418,0.457994799221644,0.480649216445941,0.604958711875866,0.703204720047228,0.32848221401768,0.385397403073569,0.0694842661575871,0.139761328824666,0.403245929463334,0.155708352221441,0.142396203549186,0.329543607652539,0.329521370282786
"39","Ibuprofen",44.7,5.714,"Jones1997","in silico","ADMET","in silico","ADMET","Schmitt","in silico",3.645550128,0.00137848143052714,0.998621518569473,0,0.017644934238317,1,2.1679871135028,0.992917988509171,0.235581407192557,0.0437763270467874,0.273756543996846,0.0833767060530028,0.068300760183685,0.105890029414656,0.0834989581719725,0.0574545551060629,0.0722228840123589,0.268867862126135,0.0797159490154278,14.20272954,"this work",1.5,90.9033697669264,6.9564896668074,10.161200219789,2.70456461685726,0.595790714669878,0.863350094893369,3.26899168362331,0.810441780535666,53.6001060631476,18.5055467515129,0.384668949284257,1.34032686144484,95.3997039511104,47.6987254619267,13.3725234517422,15.368669740013,31.4737830551112,3.73908421456974,-1.68176923100121e-11,0.999999999933209,397.147337043965,26.5146481242664,6.18390270523309,1.16056971133067,7.25800015699213,2.25945247857749,1.81091402635221,2.80308472367977,2.22380386641041,1.52338680551817,1.91428950225527,7.12573998903076,2.11356565540801,1.91475265920691,26.5146481242664,26.514021935479
"40","Ibuprofen",51.39,8.571,"Portoles2001","in silico","ChemAxon","in silico","ChemAxon","Berezhkovskiy","hep",3.84,0.00281046197321019,0.99718953802679,0,0.0150524965100932,0.928,2.1679871135028,0.992917988509171,0.144987612874146,6.07824031522823,5.22519383965784,4.55098645033319,7.76734103358922,3.53919687890595,3.82471652449123,0.75573597909211,1.49415568397936,3.38545868510238,1.8887430552222,9.517133956,"Wood 2017",0.8,11.2789546498486,51.2865981802294,37.6338855249931,56.3649383807433,13.0720089478256,5.87024501434045,50.9954484495008,2.16878872392108,131.648531330073,33.2444999440602,1.84853782240552,4.93803354128149,19.4087983308045,9.70400184796566,48.8317440950894,105.149461867791,11.9628510293886,0.313677885591346,-1.08778265154121e-12,0.99999999999352,595.721005565854,5.3943297195121,0.767275826520313,8.55627986183409,26.8813468035665,47.0885032420579,39.7325499933909,19.0592370595469,34.6907812581638,4.07667053368625,4.70173326178834,12.8011166515442,10.1568012220083,7.05433363040213,5.3943297195121,5.39410886490587
"41","Imipramine",0.0329,1.071,"Perault1994","in silico",NA,"in vitro","ChemAxon","Berezhkovskiy","in silico",4.28,0.999998352488659,0,1.64751134090757e-06,0.1,1,3.07521876760346,0.998158089454127,111.177632714599,17.8896961807867,14.9390297783657,12.9283416863794,22.6338885564826,9.86972220497032,10.7572493969691,1.42381121313194,3.6943263226805,9.49631855523339,4.84553046817833,80.29818303,"this work",0.7,2.30107403059985,2.2099496937494,3.42563130775592,18.4358191551175,1.17364013957406,0.812948649610496,11.9237604008675,0.204972240711291,6.75962959209259,1.92272458226212,0.223211833320989,0.346733366333823,0.973475210985223,0.486963043015643,3.38295056706402,8.69363837905448,11.4743093505045,0.0804804237561656,3.98797706990748e-13,1.0000000000003,74.8319119663756,0.270560091991446,0.156535648340126,0.368691797296543,2.44687950553994,15.4016868463806,3.567295257064,2.63944366756655,8.11140163324319,0.385286166750548,0.241415342574735,0.740363720547601,1.22643864462082,0.49533338047689,0.270560091991446,0.270685404677956
"42","Imipramine",0.139,2.14,"Hrdina1980","in vitro",NA,"in vitro","ChemAxon","RodgersRowland","in silico",4.28,0.999998352488659,0,1.64751134090757e-06,0.1,1,2.05849467740634,0.991508050190813,3.46111168257254,2.49972689732,2.09244608590141,2.00411835225634,3.15921042803557,1.61207178661024,1.52414149584895,0.685372853929704,0.758347540614522,2.15340443157436,0.856619665240695,80.29818303,"this work",0.5,7.72791686825813,6.51669531460699,3.29426021746418,7.73961915909983,1.16633380938843,0.559538071484815,4.38303540143239,0.414610794006612,16.3554018175066,4.5504186325823,0.177151526623837,0.56128908213111,4.09122719928848,2.04580237731633,5.56736551153403,53.0654209538464,30.0214465470154,0.290372634997735,9.56780116659812e-14,1.00000000000014,148.527905918584,1.13708371297623,0.52570863049375,1.08719764742702,2.35304301247441,6.46584725070997,3.54508756653017,1.81668205027537,2.9816567356683,0.779343597756789,0.584121493482378,1.75218276187227,0.973360036394707,0.801841545901586,1.13708371297623,1.13718864775783
"43","Ketanserin",0.143,0.571,"Reimann1983","in silico","ChemAxon","in silico","ChemAxon","Schmitt","hep",2.61,0.562972678190008,3.80174942472555e-05,0.437015271896404,0.267168612964209,0.841,1.41094172378131,0.97230122993306,14.6335416437818,1.55210029192909,10.9436049227443,2.66962028802208,3.00487587415859,2.84023184675931,2.21335611750368,1.31378312892694,1.68466465525263,8.56427824665408,1.69342460773365,46.07476636,"Wood 2017",0.4,0.395221660713244,0.294191522569689,0.620794437708835,2.10743906285487,0.0663939625306856,0.0583882279333721,0.554196912511168,0.0477908178063616,1.10280307409243,0.350525117383413,0.0209456999057064,0.0521838149584884,0.245999804960204,0.123030846719636,0.511123023223502,22.1018846520814,10.1723834676278,0.037584054843526,2.01116594063464e-13,1.00000000000008,38.8628801604243,0.0683712631907183,0.0268858272594043,0.0490807557802829,0.443424598363453,1.76060072084785,0.201805357236126,0.189572168614844,0.37700470238855,0.0898323642976721,0.0393858240747296,0.134973091021722,0.115086263218167,0.0745483070835549,0.0683712631907183,0.0683884639909036
"44","Ketanserin",0.198,0.571,"Heykants1986","in silico",NA,"in vitro","ChemAxon","RodgersRowland","hep",2.61,0.562972678190008,3.80174942472555e-05,0.437015271896404,0.055,0.841,1.41094172378131,0.97230122993306,21.4860823638174,3.43184695202078,62.8994339402665,11.4619940018223,10.6952604919301,12.4535589439071,8.48977359806812,4.41501449517289,6.09418636794737,43.1067509576887,6.14191379317734,46.07476636,"Wood 2017",0.8,0.923378345431903,0.730968521076991,1.95206607889833,6.82973327608712,0.28674260692914,0.357979272737296,3.54243522364362,0.221140061730868,2.87216138830764,0.895191384065531,0.0973198582755196,0.155906910064283,0.338650041176429,0.169410428337802,1.51689497575145,12.5696673585802,5.38511278051117,0.018121648819059,9.14166336652107e-14,1.00000000000004,38.8628801604244,0.0941217457410865,0.0628148534307417,0.121949426525558,1.39433291349881,5.70570866841029,0.871558075772461,1.16227036603018,2.40981988002967,0.415676807764789,0.102577192439559,0.344702111692542,0.534724496019338,0.222724157234689,0.0941217457410865,0.0941692208659266
"45","Ketoprofen",1.02,0.357,"Ahmed2008","in silico",NA,"in vitro","ChemAxon","Schmitt","hep",3.61,0.000301903998490238,0.99969809600151,0,0.008,0.952,1.7863636646548,0.98637534247245,0.10082088120623,0.0190591797307127,0.12095260566671,0.0369157529658489,0.029975591698173,0.0468562318225725,0.0369534889236813,0.0255110868584359,0.0319712191340125,0.118786086569984,0.0353306024492739,4.485981308,"Wood 2017",2,3.7384242918391,0.288430490792173,0.427529325757174,0.1125243285086,0.0248995650283552,0.0364110023521953,0.137314242071408,0.0342670989178009,2.26004078479373,0.778806862487655,0.0162349132706812,0.0565036372351694,9.08443567299381,4.54213793145515,0.563741946967225,0.692142977444057,1.64361409124501,0.212060645218715,3.44900991964845e-11,1.0000000000085,24.649519808378,2.5248570519716,0.254314577676129,0.0481196274947194,0.305378089826553,0.0940052869746029,0.0756825684752437,0.11821754010453,0.0934110490281684,0.0644118400710543,0.0807157423140618,0.299887124562054,0.0892028201685782,0.0807194817645277,2.5248570519716,2.52481263560598
"46","Ketoprofen",10.1,1.429,"Ishizaki1980","in silico","ChemAxon","in silico","ChemAxon","Berezhkovskiy","hep",3.61,0.000301903998490238,0.99969809600151,0,0.018144191593117,0.952,1.7863636646548,0.98637534247245,0.0878558514005702,4.76900225258994,4.14939280434162,3.6232695431135,6.11990553308166,2.83850396452866,3.05723373043513,0.683129126126799,1.25154633343589,2.70896075256076,1.56231744002867,4.485981308,"Wood 2017",1.1,1.28010340317392,12.2803991510584,5.72187951788638,6.46612150536855,1.98146823226277,0.866837881624911,6.06820534722347,0.361004610957764,27.185538540374,6.18123355227504,0.282165105997397,0.841628563135904,3.57407017291814,1.78693737601163,8.37150423013447,13.8287711948154,1.48669806821137,0.102559054088749,9.7939218930635e-13,1.00000000000097,98.6671255075182,0.993349130883307,0.0870818641614909,2.04877171970417,4.08705679849027,5.40193943639812,6.02269979411177,2.81440870657439,4.12803084845134,0.678580095785271,0.970912090727642,2.38014383992108,1.55035772526043,1.20232651876558,0.993349130883307,0.993294817127086
"47","Lorazepam",0.0162,0.029,"Greenblatt1993","in silico",NA,"in vitro","ADMET","Berezhkovskiy","hep",2.361419116,0.999824628867456,0.000173749888604857,1.62180746710039e-06,0.09,0.855,1.64403688291222,0.982319335160564,1.56442310023749,1.77329967798972,1.7041138075549,1.51581055639138,2.35815900970994,1.25302873075694,1.31787154717123,0.542406639947485,0.718712621668089,1.17614379238195,0.838593383412898,0.628894081,"Wood 2017",1.3,0.359643123107961,0.238601264356974,0.0634741428389106,0.0612557469034527,0.0206420245839354,0.0101912667112536,0.0608343451634082,0.00768288058508935,0.511838611069083,0.0807131133827188,0.00406271973214247,0.013342469267688,0.095796561460815,0.0478970802234179,0.133077539425628,0.2352631515306,0.0325680230125991,0.0172241870201839,4.22017737756821e-12,1.00000000000008,1.99410825037586,0.0266249475988924,0.0244655185787729,0.03980648484525,0.0453386734563647,0.0511743917322078,0.0627417160605939,0.0330885282832909,0.0413839082744273,0.0144415048591905,0.0182799503953244,0.0310793659540696,0.0223226358908927,0.0190606703824114,0.0266249475988924,0.0266242802798321
"48","Lorazepam",0.0231,0.029,"Greene1995","in silico","ChemAxon","in silico","ChemAxon","Berezhkovskiy","in silico",3.53,0.999383779589555,0.000616220410445067,0,0.07280575771283,1,1.64403688291222,0.982319335160564,21.8104020789902,10.1248456016407,8.56000112020304,7.42748868336999,12.8638969162643,5.71551596511911,6.206836544537,0.995298829062379,2.25730148998307,5.48538435174417,2.91148065859629,26.69984473,"this work",0.8,0.101009791090993,0.0939053939878838,0.101182196777204,0.263807453991625,0.0350874948612707,0.0176303811798582,0.211243710820684,0.00535176514201803,0.263461866601192,0.0715835294117771,0.00526393401258786,0.011535852636529,0.0363684238955947,0.018177898420828,0.113370729954821,0.53524401192819,0.107283290502555,0.00260052516033169,2.11565620511335e-13,1,1.99410825037594,0.0101079555018329,0.00687141435993148,0.0156664871526976,0.0722729976980028,0.220390521296261,0.106648920550975,0.0572414973372021,0.143703204639921,0.0100597089135677,0.00940935237861398,0.0275639312328753,0.0289227143548784,0.0164797894807557,0.0101079555018329,0.0101044460371473
"49","Metoprolol",0.122017,1.429,"Lateef2016","in vitro","ChemAxon","in silico","ChemAxon","RodgersRowland","hep",1.76,0.00534163169718666,2.04173752904602e-07,0.994658368296988,0.655508856344648,0.907,3.33759278187227,0.998696348727223,9.07371925398592,1.71656713074157,28.1332092280223,5.64810036018091,5.10224799086742,6.1470444598012,4.49886933109468,2.82243453504831,3.65134734041582,19.1903013388206,3.63960511316286,5.607476636,"Wood 2017",0.4,2.27456130307884,1.80668357655438,4.74591879602014,17.6242933026626,0.682223219590304,0.813499837187177,9.13683759302113,0.681813533688385,7.22147132691899,2.19925872734397,0.274715554892283,0.401420436990585,1.63100454668691,0.818411508192555,3.90095321245638,26.2884319415061,18.8583875136289,0.539709832764632,-5.69005494232003e-14,0.999999999999943,99.8995957631842,0.453308656666735,0.154732061433935,0.301413836192742,3.38994199715724,14.7237203865184,2.07362680726536,2.6412332376207,6.21553577756539,1.2816043866323,0.257909690247107,0.846845871137453,1.50942612578178,0.573457767129408,0.453308656666735,0.454925796660675
"50","Metoprolol",0.3494,1.429,"Jin2008","in vitro","ChemAxon","in silico","ChemAxon","Berezhkovskiy","hep",1.76,0.00534163169718666,2.04173752904602e-07,0.994658368296988,0.655508856344648,0.907,3.33759278187227,0.998696348727223,2.4188567368246,2.97235846857256,2.81928019821455,2.48725920962333,3.92910983326163,2.03668616300115,2.15421967903412,0.811536094944305,1.11862693395579,1.9160889445071,1.32238244086823,5.607476636,"Wood 2017",0.3,2.70294152889957,2.55334050629744,2.54618089584623,9.75069765098674,0.837528545444892,0.432090046424132,5.46490892597183,0.316232950150742,7.83172923521299,1.94234174546449,0.173312277144261,0.368273959303237,2.63522387405196,1.31786486414591,3.60797595367883,36.7040796493529,20.0509703262282,0.663902828579722,1.42251373558002e-14,1.00000000000001,99.8995957631841,0.732413528085591,0.183873573394529,0.425980601748312,1.81870063989016,8.14594624142585,2.54567946943736,1.40288976111731,3.71762511970873,0.594422838629215,0.279704615543321,0.747917499216207,0.952265259034402,0.526105656147481,0.732413528085591,0.732554121259537
"51","Midazolam",0.034,0.107,"Bornemann1985","in vitro","ChemAxon","in silico","ChemAxon","RodgersRowland","S9",3.97,0.99989137292845,0,0.000108627071550349,0.0474819154098551,0.522,3.87441432113749,0.999324906571524,43.3361102587819,31.096249012154,25.7419157544818,21.8964671558555,38.1545633555824,17.1254440015029,16.9093439970522,1.96390123181703,6.60782669658515,21.3091685291641,7.16012077180092,41.8,"this work",0.8,0.17112094998934,0.167723095742467,0.297938162361487,2.52027457506378,0.100628100573151,0.0925734996829929,1.35231548036663,0.0185843248795938,0.53304606169352,0.15702399442691,0.0206659423463627,0.0293493402000408,0.0639826931715173,0.0320126398271635,0.285348760406912,0.337349253520366,1.30215020256645,0.0028564734020224,-3.55986019296271e-14,0.999999999999997,7.48494355022072,0.0177828496863583,0.0116408809516558,0.0279816910730288,0.212812973115347,2.10549254391294,0.30586048806429,0.300563310659068,0.919942503650771,0.0349329415029959,0.0190373593461972,0.0604636097138659,0.113549133771223,0.0419276288572011,0.0177828496863583,0.0177946858405578
"52","Midazolam",0.0415,0.107,"Abdlekawy2017","in silico",NA,"in vitro","ADMET","Berezhkovskiy","in silico",3.562728123,0.999999724169825,0,2.75830174589764e-07,0.05,1,2.35033526251466,0.994712932136412,16.7338028745257,8.63616411572617,7.33365941951099,6.36972013736355,10.9891853589784,4.91540809818581,5.33098642694053,0.907917273951934,1.97720994652419,4.71330065116245,2.53591575337224,134.411725,"this work",0.6,0.295226817252245,0.277268690880954,0.322044806867847,1.06543836758296,0.111181472295823,0.058134915722863,0.712002877342176,0.0186174009390596,0.799369842589983,0.218063603656633,0.0175571607699008,0.036470528717491,0.138667150752204,0.0693665711693338,0.35778612092005,1.81859926310323,1.12936972594432,0.00523454519464996,1e-28,1,7.45039986170173,0.0385400641334643,0.020083456955935,0.0462574746674531,0.230032004905605,0.890090532650763,0.337937605762381,0.188749726372932,0.484355698872229,0.0349951145471046,0.0285489229496423,0.0839675023706712,0.0964679163181363,0.0521007553107014,0.0385400641334643,0.0385584053192517
"53","Naloxone",0.00040659,1.143,"Smith2012","in vitro",NA,"in vitro","ADMET","Schmitt","hep",1.199007923,0.555403071264458,0.00612816406528249,0.442688366237707,0.559,0.942,2.69501788593086,0.996860606552603,11.373955510299,1.37442753232741,8.83599805464412,2.35034309844749,2.61797233085992,2.48970383612866,1.99171209799944,1.30980598596004,1.58656707627625,6.94575301710374,1.60786232551361,60.47897196,"Wood 2017",0.2,0.284061130327181,0.24297984491062,0.53128337015531,7.19168972390378,0.0838207585010847,0.0801911993185708,0.967901813309689,0.0770599214470588,0.87677424710012,0.265334626258433,0.0298995920976099,0.0476528825024523,0.397908554024561,0.198856410441912,0.463612440901998,46.5256485062535,21.4364730359238,0.057669072895971,7.12691347565538e-14,1.00000000000006,79.7588171302737,0.110591593669972,0.019323886416815,0.0405369751086698,0.379488121539507,6.00809500743841,0.254774341948586,0.260361036748607,0.658436607693666,0.144849476404246,0.0313133659678614,0.102169667407945,0.16428347306379,0.0680755464320748,0.110591593669972,0.110537193130579
"54","Naloxone",0.00063298,1.714,"Smith2012","in silico",NA,"in vitro","ChemAxon","Berezhkovskiy","in silico",1.48,0.0928120629947024,0.00208494007362514,0.907169936152715,0.559,1,1.49615468355744,0.976572286019141,1.06395871604389,1.61757910392859,1.69285932183109,1.51489607232132,2.21805360022398,1.29719888394958,1.34648072209864,0.715814987263449,0.849520966015814,1.20382821166476,0.965822068381375,10.32826,"this work",0.8,7.76929010922356,6.3203216998341,2.18023796986219,3.43616514874541,0.671575516734025,0.350008359535997,2.55229505972904,0.351460925379696,17.7979209549741,2.77871615198632,0.162033534747282,0.533806109540825,3.32074030711878,1.66014826036695,5.31321039035786,35.3993980996887,24.359100884558,2.21271339419561,-1.64947544534256e-12,0.999999999998067,117.169142876578,0.922940607870699,0.528523136681875,1.05443611390569,1.55731283561585,2.87064757622842,2.04126296879643,1.13639077771428,1.73625514267281,0.660640837179879,0.635640034106218,1.06997156410717,0.890294146963089,0.762580156486893,0.922940607870699,0.922817265351279
"55","Naproxen",43.93,3.571,"Carrasco-Portugal2006","in silico","ChemAxon","in silico","ChemAxon","Schmitt","in silico",2.99,0.000616215046743588,0.999383784953256,0,0.0301879543897097,1,1.95249403805094,0.989829487514179,0.250625741850663,0.0520850284910731,0.304362241757842,0.0986101796617372,0.0821064540573003,0.12297918901487,0.0985487006438441,0.0710360861742507,0.0864976760902399,0.298262302881861,0.0951226249976213,10.99881426,"this work",1.5,53.7975791057133,4.61973483758848,6.30587970206375,1.80052348888281,0.399792475988939,0.559063825775893,2.15876186632155,0.559339931580292,35.8234052457641,11.4561415746027,0.256220088245663,0.895979476364214,53.2533146877031,26.6255912795788,8.93921242352488,13.2285297298556,23.2226666981685,3.52594055619454,8.84489420395315e-13,1.00000000000219,247.427676993917,14.8008100855206,3.65969925889206,0.770722675326696,4.50419978718839,1.50419673256709,1.21517469905452,1.81514229148017,1.46854548729357,1.05139084883514,1.27940733020586,4.41129825745193,1.40780268266848,1.27997068052031,14.8008100855206,14.8002174983762
"56","Naproxen",73.96,7.143,"Choi2015","in silico",NA,"in vitro","ChemAxon","RodgersRowland","hep",2.99,0.000616215046743588,0.999383784953256,0,0.001,0.956,1.95249403805094,0.989829487514179,0.0196657076584791,0.0400290160911583,0.0195243887141435,0.0633019889309158,0.0629584082300119,0.0521603280512091,0.0345955016743499,0.0847786788091718,0.0258161618818156,0.110625952594207,0.0390019169176893,24.09657321,"Wood 2017",2.1,17.9312211221477,14.8825567693376,1.69545996481303,4.72125269201229,1.28478971015312,0.996399797184936,3.15434085437293,2.79754816277686,44.8367038606828,17.8201748411098,0.440290817087045,1.12091637888728,223.172345121758,111.586824782611,11.1834958141105,8.20036201283192,28.4053194563086,0.69463989360924,3.43524349702567e-11,1.00000000017002,494.924642051795,62.0267774101607,1.21981096069032,2.48289661035023,1.21104283200931,3.94423783793842,3.90513589712194,3.23506427657447,2.1458101050156,5.25854917815198,1.60131085216724,6.86183089761639,2.41918031366508,1.60130911269611,62.0267774101607,62.027139956982
"57","Nifedipine",0.03407,0.286,"Guo2007","in silico",NA,"in vitro","ChemAxon","Schmitt","in silico",1.82,1,0,0,0.044,1,0.945626853093289,0.925256031257339,2.64938664140563,0.276347391566848,0.413516928739271,0.243315776512102,0.356494412327721,0.220897672838848,0.203999564063497,0.07894787706435,0.120343906817368,0.36111177366701,0.130056855902962,9.893072204,"this work",1.1,5.4395456964377,0.680917286746738,0.238973910735195,0.151943839107336,0.0484157966475777,0.027973338207152,0.14344797398865,0.0173369069978126,1.38929258606224,0.386715137610557,0.00977107955130059,0.034770666827976,1.48518413989115,0.742613190135432,0.346906592302686,6.5460215558687,0.731249104220232,0.102546944433782,-1.5535285150561e-12,0.999999999999712,18.5236257457722,0.41278047245446,0.370037122206646,0.113599245707268,0.17069565052514,0.126937208945143,0.147160476132455,0.0908225266465973,0.0975836557745919,0.03258817104852,0.0496175923593656,0.148908408783426,0.0536872502818714,0.0496723811828228,0.41278047245446,0.412792212415471
"58","Nifedipine",0.14312,0.143,"Chien2004","in silico","ChemAxon","in silico","ChemAxon","Berezhkovskiy","in silico",1.82,1,0,0,0.314657289790149,1,0.945626853093289,0.925256031257339,1.39305652803311,1.82971407511629,1.8055270188307,1.6074115795804,2.45549062000941,1.34337837638097,1.40750557046678,0.631420416317376,0.80449326824301,1.2563155456503,0.931000050293509,9.893072204,"this work",1.6,1.07309415388301,0.729195258104541,0.191831710078833,0.213209571449303,0.0613127177432899,0.0305349217863274,0.18321879335374,0.0255179959554169,1.63790785275916,0.245836290045574,0.0128675705143928,0.0425608307753999,0.273325200414255,0.13665764977081,0.424481334060189,2.03989199879975,1.73407864170913,0.206290381682814,3.83587287668174e-13,1.00000000000004,9.26181287288593,0.0759658700428723,0.0729996023049665,0.12165358833782,0.137022650056309,0.178119942731247,0.186360844204529,0.099139356449115,0.124638634934517,0.047966157810934,0.0584967090271128,0.0946616442224006,0.0707009368922679,0.0608011868219999,0.0759658700428723,0.0759631182717118
"59","Ochratoxin A",0.000121,5.64e-06,"Studer-Rohr2000","in vitro","ChemAxon","in silico","ChemAxon","RodgersRowland","in silico",4.61,4.59353266154821e-05,0.999954064673385,0,0.00791016208129696,1,0.498897604799732,0.773876280593685,0.0197248699138062,0.0371040938965307,0.0203346001878393,0.0584434782659693,0.0589260465313011,0.0486305754013454,0.0329060703468122,0.0765878786162412,0.0248178923347354,0.0994870704254236,0.0367097121222257,16.40435978,"this work",4.6,8.78722330095243e-06,6.74002506220356e-06,8.6274794665231e-07,2.13889556398122e-06,5.87521264917635e-07,4.53596359223932e-07,1.46679091127782e-06,1.23478329990166e-06,2.10592932002885e-05,7.82995188310552e-06,2.02475605465586e-07,5.26482273122525e-07,0.000109038583858375,5.45194280178585e-05,5.25276646295242e-06,3.07874186631087e-05,4.85505284370067e-05,5.48784346789081e-06,3.33926754822009e-11,1,0.000305526355578285,3.03053318116662e-05,5.97770292581798e-07,1.12445634442997e-06,6.16248533323079e-07,1.78688017041038e-06,1.78577892072229e-06,1.47271545202575e-06,9.97816946447494e-07,2.32102124041665e-06,7.52117614296017e-07,3.0149987998096e-06,1.11250332673399e-06,7.52117533032178e-07,3.03053318116662e-05,3.03054074585094e-05
"60","Ochratoxin A",0.000121,5.64e-06,"Studer-Rohr2000","in vitro",NA,"in vitro","ADMET","RodgersRowland","S9",4.098357946,0.000118268984806551,0.999881731015193,0,2e-04,0.763,0.498897604799732,0.773876280593685,0.0186006668354113,0.0379060768382024,0.0182597516662737,0.0598916148063565,0.0595309532154331,0.0492924471761053,0.0326280790361167,0.0803184599973094,0.0242921576263359,0.104924243926498,0.0367929596101612,0,"this work",15.8,1.1463225881103e-05,9.52552145349289e-06,1.07172642355644e-06,3.00560319087078e-06,8.21107027394168e-07,6.36479292775137e-07,2.01083748515692e-06,1.79138136123622e-06,2.85157720542126e-05,1.1423752875533e-05,2.80735378821243e-07,7.12894327313413e-07,0.000150841973333951,7.54209850643727e-05,7.11261798790361e-06,1.15261984314914e-07,0,7.76480456328179e-07,1.65366490698253e-11,1,0.000305526355578336,4.19238391700809e-05,7.79811284428773e-07,1.58916813120603e-06,7.65518873968886e-07,2.51094669245679e-06,2.49576604071176e-06,2.06649121030889e-06,1.36791665656934e-06,3.36725819781245e-06,1.01842043050759e-06,4.39882667521488e-06,1.5425020814354e-06,1.01842046759059e-06,4.19238391700809e-05,4.19238382792511e-05
"61","Omeprazole",0.215695,0.286,"Duvauchelle1998","in silico",NA,"in vitro","ChemAxon","Berezhkovskiy","hep",2.43,0.98500165138751,0.0127186475962907,0.00233874625894803,0.16,0.847,1.38039029233224,0.970558072307591,3.1982102236752,3.18430404649725,2.87868963321147,2.5298473639045,4.1408994576762,2.02474307222457,2.16057825420387,0.644295255577104,1.00091193978618,1.91926818096349,1.21195361047676,2.845794393,"Wood 2017",1,2.07094982619427,1.65921912783016,0.647106559842325,0.873586268721108,0.218714201625495,0.0991747854845281,0.750523459499482,0.0553207838348352,3.71434599041572,0.749479345586312,0.0355665787902104,0.110320813312272,0.580706712318083,0.290334442967929,1.09828082475173,4.88640794340133,1.45539931217224,0.135135630849997,-3.10830430782013e-13,0.99999999999994,19.430572607598,0.161397085135654,0.140880940557433,0.276811949194475,0.462218971315946,0.729813089992571,0.664784807372325,0.321996056767948,0.51056017653026,0.103986435779765,0.132655213943419,0.288594280164156,0.195420762583574,0.157601161874675,0.161397085135654,0.161386571966609
"62","Omeprazole",0.283,0.286,"Mostafavi2004","in silico",NA,"in vitro","ChemAxon","Berezhkovskiy","hep",2.43,0.98500165138751,0.0127186475962907,0.00233874625894803,0.16,0.847,1.38039029233224,0.970558072307591,3.1982102236752,3.18430404649725,2.87868963321147,2.5298473639045,4.1408994576762,2.02474307222457,2.16057825420387,0.644295255577104,1.00091193978618,1.91926818096349,1.21195361047676,2.845794393,"Wood 2017",1,2.07094982619427,1.65921912783016,0.647106559842325,0.873586268721108,0.218714201625495,0.0991747854845281,0.750523459499482,0.0553207838348352,3.71434599041572,0.749479345586312,0.0355665787902104,0.110320813312272,0.580706712318083,0.290334442967929,1.09828082475173,4.88640794340133,1.45539931217224,0.135135630849997,-3.10830430782013e-13,0.99999999999994,19.430572607598,0.161397085135654,0.140880940557433,0.276811949194475,0.462218971315946,0.729813089992571,0.664784807372325,0.321996056767948,0.51056017653026,0.103986435779765,0.132655213943419,0.288594280164156,0.195420762583574,0.157601161874675,0.161397085135654,0.161386571966609
"63","Phenacetin",2.6,12.857,"Xiaodong1994","in silico","ADMET","in silico","ADMET","RodgersRowland","in silico",1.63454256,0.999938344301473,6.16556985265637e-05,0,0.357343859322676,1,2.14280630923889,0.992619083384687,0.927885908023303,1.30697933958382,1.24193103732097,1.08102606770192,1.68663269153216,0.905509732949662,0.888207188092,0.3529261693671,0.512336389619094,1.03952010494659,0.546677572398947,20.32488675,"this work",0.6,62.3367176164861,50.0256539572363,16.1287930491966,24.6109542120312,5.14795981566907,2.50419062258245,16.0845948378021,1.74142031495079,116.748257340522,23.9466779358182,0.923455279194028,3.29331968841429,33.3700994960747,16.6893914898127,32.8184962710355,246.976085073984,229.179293802327,10.821888052247,6.36297015898797e-14,1.00000000000057,893.347248855384,9.2746246514938,4.24059303513511,8.34591317648331,11.5205664637118,20.5605298346125,15.6472942725504,8.13048903435859,10.9419012502055,3.27334645667442,4.16958061930437,9.22090024482797,5.07393010546169,4.70474241202041,9.2746246514938,9.27703807104654
"64","Phenacetin",3.4,14.286,"Raaflaub1975","in silico","ADMET","in silico","ADMET","RodgersRowland","in silico",1.63454256,0.999938344301473,6.16556985265637e-05,0,0.357343859322676,1,2.14280630923889,0.992619083384687,0.927885908023303,1.30697933958382,1.24193103732097,1.08102606770192,1.68663269153216,0.905509732949662,0.888207188092,0.3529261693671,0.512336389619094,1.03952010494659,0.546677572398947,20.32488675,"this work",0.6,69.265189443791,55.5858054418005,17.9214245425454,27.3463491060227,5.72012897588522,2.78251937991852,17.8723224606721,1.93497068004426,129.724356418749,26.6082434310014,1.0260928355327,3.6593542385829,37.079027278466,18.5443377799869,36.4660951970675,274.426431705468,254.651591355227,12.0246954955786,1.55760663550871e-12,1.00000000001546,992.638935766339,10.3054550523808,4.71191764923748,9.27352806739381,12.8010175303896,22.8457386015227,17.3864102610493,9.0341538309043,12.1580424902531,3.63716293241402,4.63301272924102,10.2457618140167,5.63787272270714,5.22764891226129,10.3054550523808,10.3081366203374
"65","Pindolol",0.0682,0.143,"Gretzer1986","in silico",NA,"in vitro","ChemAxon","RodgersRowland","in silico",1.69,0.00534163169718666,2.04173752904602e-07,0.994658368296988,0.58,1,1.72836401828306,0.984866570968633,10.5901093209342,1.82292256463089,32.6266819566423,6.33513426172442,5.69426701849116,6.9184632905319,4.9666268857795,3.0328053223524,3.95723154790287,22.2656738507413,3.95063244381064,13.17498478,"this work",0.5,0.205705592251622,0.157727726409898,0.425808632225323,1.39781592756858,0.0578685186929123,0.0700716510097225,0.783238096495885,0.0565301184837831,0.646259632155218,0.198483930300586,0.022747298514068,0.035363484537416,0.126127206359268,0.0629888107735958,0.343928299387171,4.15433977452226,1.07043832188223,0.0430713538264828,-9.00925216396457e-14,0.999999999999991,9.85851437539602,0.035054809994238,0.013993577704192,0.0263141369679327,0.304149023018087,1.16776602136055,0.1758921540818,0.227505360421177,0.532815031629853,0.106259621210119,0.0230807011484006,0.0764281595304528,0.124985156670703,0.05051926362488,0.035054809994238,0.0350132355606425
"66","Pindolol",0.132,0.286,"Hsyu1985","in silico",NA,"in vitro","ADMET","RodgersRowland","hep",1.971198197,0.00903768373475537,4.26579500611979e-08,0.99096231626176,0.58,0.892,1.72836401828306,0.984866570968633,10.6054710164457,1.84631684855619,32.6273934205326,6.34821833648743,5.72097218242849,6.92731818627763,4.9761658649913,3.03169167735,3.95883018589642,22.2696462229225,3.95283962679299,2.30334891,"Wood 2017",0.6,0.599494180647709,0.434181742713052,1.19813126849379,2.58151786019701,0.140697680805747,0.160679184958586,1.6778960688904,0.12809290969321,1.84790880635878,0.573424723455652,0.0546293668284475,0.0978210712916926,0.285620646546278,0.142941594894168,0.952947436431144,6.98988606697167,1.72576439990245,0.125393741712356,-4.68481112526158e-13,0.999999999999908,19.7170287507921,0.0793831702463253,0.0407819170508646,0.0724356973043265,0.855808048924133,2.15665652480953,0.427652525245431,0.521685665449953,1.14142589720435,0.240776146039869,0.065996743084242,0.220802742955584,0.300161356200261,0.139744387559561,0.0793831702463253,0.0794561394631285
"67","Prazosin",0.0172,0.029,"Guelen1990","in silico","ChemAxon","in silico","ChemAxon","RodgersRowland","in silico",1.65,0.999999413380202,0,5.86619798070842e-07,0.353686365282736,1,0.983922283527547,0.93149957288232,0.61935508502553,0.991138805666695,1.02514344416154,0.960881525941768,1.3258897414621,0.838704353584964,0.817629370881594,0.550061401475359,0.590510069037269,0.957544349319293,0.62583761022867,18.13174734,"this work",1.3,0.125312147680622,0.0890558807156143,0.0227867009176264,0.028900997267293,0.00692617033799309,0.00397104085400799,0.0210565990885097,0.00464691484815572,0.253350695291136,0.0392187964987375,0.00180875980905827,0.00653968845935755,0.0571347852325977,0.0285683220909253,0.065227337014329,0.526226948790826,0.571120362889763,0.0390919851645445,6.69323977381304e-13,1.00000000000001,1.8909441329511,0.0158795956733179,0.00852463589664095,0.0148574299287148,0.0162762149411617,0.02414452570367,0.0210521894771826,0.0128929897857402,0.0143242170670134,0.00873480234615736,0.00904823911754058,0.0151015773965104,0.00993824070911135,0.0093424120847965,0.0158795956733179,0.0158801123351447
"68","Prazosin",0.0204,0.029,"Chaignon1981","in silico",NA,"in vitro","ADMET","RodgersRowland","hep",1.134014513,0.999999813326886,0,1.86673113633518e-07,0.06,0.938,0.983922283527547,0.93149957288232,0.0624447590549137,0.118735926700519,0.117151118423869,0.144851668771977,0.172229898538279,0.127170020973903,0.110902737709574,0.131784305324315,0.0875021632857724,0.179969592938803,0.101768181266693,3.147975078,"Wood 2017",2,0.097686400934669,0.0757485692989976,0.0174570396740234,0.0192466327113812,0.00603116029445835,0.00414630450177282,0.0174265058651058,0.00746187744257915,0.260764460178727,0.0497482259182794,0.00197141333523008,0.00651970962817555,0.382942292203513,0.191477536820941,0.0650478180224094,0.26427452002501,0.35942910314955,0.0635645629460866,1.0662213534425e-11,1.0000000000002,1.89094413295091,0.106431987827547,0.00664533339691626,0.0126373356988533,0.0124693140528739,0.0160790582384137,0.0183317942080801,0.0134620276031585,0.0118547658946298,0.0140260854183819,0.00931301643495452,0.019156036164143,0.0108319414023631,0.00931387089739364,0.106431987827547,0.106435540200634
"69","Prednisolone",0.22,0.143,"Ferry1988","in silico","ChemAxon","in silico","ChemAxon","RodgersRowland","in silico",1.27,0.999993543497208,6.45650279151866e-06,0,0.44758211877049,1,1.12892194786715,0.950296522681592,0.506317771836212,0.820862243566401,0.880644469935052,0.779588839240918,1.11130463559354,0.685112522748786,0.669250456606447,0.390767826799193,0.469021632046545,0.742500695986238,0.497459160097665,5.468533542,"this work",1.5,0.928795973895897,0.642299653335896,0.165318106797542,0.158006790429615,0.0490267867603524,0.0271518864489617,0.141253025204294,0.0278768576261237,1.7352864605968,0.257864696017492,0.0121411272323965,0.0439570509482931,0.482473053714462,0.241242997361441,0.438506438908234,1.74930862902076,1.93490117189724,0.47705748584702,-8.59003288765419e-13,0.999999999999918,9.51246819204282,0.134094789803908,0.0631833995847549,0.107156563002837,0.118084361998244,0.132002331185977,0.149017588937241,0.088155475483642,0.0960904933362546,0.0524001083197815,0.0619745164498855,0.0992932984279909,0.0667094902878931,0.0627957870689901,0.134094789803908,0.134098386526649
"70","Prednisolone",1.0371,0.714,"Luippold2001","in silico",NA,"in vitro","ADMET","Berezhkovskiy","hep",1.2721316,1,0,0,0.25,0.931,1.12892194786715,0.950296522681592,0.354040846408521,0.662729206249374,0.833818738513816,0.768495102667751,0.980931525790495,0.704836153102112,0.710265648469161,0.546740731042435,0.570736480066182,0.641462713583203,0.621833296359767,5.373831776,"Wood 2017",1.3,2.83253207091318,2.2106914721849,0.667056677667634,0.728515335021046,0.184442934822637,0.121319446376455,0.640922767571798,0.166328855951058,8.78480125235069,0.948093604759081,0.0646881889248266,0.227138884767188,2.05750120655758,1.02866687607393,2.26535731284506,10.9467570381577,12.6473464091554,0.973659869524827,1.98969474473627e-12,1.00000000000095,47.495820203625,0.571845805046577,0.192689256524706,0.368815550169903,0.476469055476881,0.608617656659187,0.56061682316911,0.393894306417061,0.436001882701903,0.312648225471914,0.313742901869668,0.36507262408898,0.355429609477069,0.324484121095983,0.571845805046577,0.571799264076672
"71","Propranolol",0.0279,0.286,"Fujimura1990","in vitro",NA,"in vitro","ChemAxon","Berezhkovskiy","in silico",2.58,0.00534163169718666,2.04173752904602e-07,0.994658368296988,0.338,1,1.65472888908794,0.982667995716893,9.45983398758811,7.03201456189751,6.06613581851697,5.28048334446252,8.99487251777738,4.11217468870586,4.44261539756547,0.897896995150957,1.74918855246267,3.93131547391248,2.20796883339071,15.46523407,"this work",0.7,0.906409101235914,0.835781857117217,0.766049083920746,1.9875295112111,0.264369959122574,0.122437750303383,1.39015784259999,0.0476495236863735,2.30243340383975,0.599699954197963,0.0398151815438039,0.0959722580632881,0.358901596205787,0.179457614885048,0.945182535570526,6.17764788206144,2.54305866993636,0.110459548750953,-7.22352723352298e-14,0.999999999999986,19.6730132742522,0.0997503046708691,0.0616604830772731,0.139435714722352,0.547177917086247,1.66042565681796,0.803556106755544,0.397525163322672,0.945685607210874,0.0895667738465668,0.0822297644228482,0.230920275008842,0.218764733757164,0.137103225804697,0.0997503046708691,0.0997540938771805
"72","Propranolol",0.045,0.571,"Bano1991","in silico","ADMET","in silico","ADMET","Schmitt","hep",2.89033104,0.00824902530705355,0,0.991750974692946,0.362426889597492,0.774,2.06736308129363,0.991633492930662,10.1162105889575,1.4601810543578,25.1043449225545,4.87955077778825,4.26454771124125,5.54725623006527,3.89263586095673,2.31903854739559,3.02731225759625,18.1834061012687,3.13493099114669,12.26635514,"Wood 2017",0.4,0.642996388004985,0.488236097853364,1.31272727531586,5.1106699317637,0.166763287300772,0.214182250012432,2.21749360380014,0.160428111220137,1.9998029809959,0.618413194210238,0.0685205228243861,0.108354050341582,0.467783110076204,0.233963878322991,1.05433022485097,17.3359436697264,7.35097093158567,0.0840112042327938,7.17075459694982e-14,1.00000000000003,39.6355907124385,0.130011981677655,0.0437412508846929,0.0814537294363499,0.937662339511327,4.26956552361211,0.506879292707513,0.695396915624778,1.50849905020418,0.301556600037852,0.071421535035568,0.238125989299283,0.376486389144979,0.154791500487975,0.130011981677655,0.130052183614781
"73","Quinidine",0.59,3.62,"Hailey1981","in silico","ADMET","in silico","ADMET","Berezhkovskiy","hep",2.652845021,0.998659549747924,0,0.00134045025207619,0.162666296946606,0.891,1.97342286771227,0.990188950016601,5.60016294444097,4.75819575466777,4.17023507722092,3.64348176104441,6.12052920706043,2.86519536431847,3.08143391189105,0.728893670372398,1.29020784807071,2.73092027908298,1.60191442239456,4.236760125,"Wood 2017",0.6,14.783810439273,13.4270503791741,10.506684829626,21.7986574527336,3.60586915841427,1.66627273261582,17.3668385722138,0.743921568200181,36.2455944541944,9.02705182298133,0.555618495715705,1.43581906868889,6.90288767512111,3.45049877049662,14.169325073891,76.7885898692007,17.5567377500956,0.882651821556438,5.58434740751022e-12,1.00000000001401,250.913879934193,1.91853465122877,1.00570139042674,2.24007060010946,7.50477487830429,18.2110755661935,10.960088627399,5.40997640459682,11.8141758994652,1.39834881240636,1.29448551622123,3.47595372467514,3.05284887755882,2.05117009812698,1.91853465122877,1.91800932212152
"74","Quinidine",1.056,2.357,"Leizorovicz1984","in silico","ChemAxon","in silico","ChemAxon","Berezhkovskiy","in silico",2.51,0.0218969984930771,3.23593552287171e-07,0.978103001351767,0.455623014414631,1,1.97342286771227,0.990188950016601,10.590978227695,7.67328198470984,6.61037664554443,5.75111338463829,9.81007301863089,4.47429025363734,4.83631488105924,0.96046422970782,1.89170353391162,4.27870792899669,2.39248499122568,27.43922071,"this work",0.5,3.91478508179685,3.71906318048719,4.59180294855701,22.1716845565336,1.57247493496315,0.854962110185496,11.7485454687202,0.332479207717977,11.0327165206993,2.9987389101937,0.27297616751243,0.525010331138018,2.34164313835517,1.16965362659524,5.14051648050031,60.9049192055794,29.4411456160463,0.638157377656957,3.65337112376777e-13,1.0000000000006,163.371274863238,0.650817992872476,0.266311910326317,0.620461222330751,3.27985924896929,18.5227105735452,4.77955907283633,2.77585100709577,7.9922078018505,0.624960916763115,0.394025590024976,1.15469345791055,1.4998690522661,0.750014758768597,0.650817992872476,0.650168775205805
"75","Resveratrol",0.0214,1.429,"Almeida2009","in silico","ADMET","in silico","ADMET","RodgersRowland","S9",3.093578833,0.969844150520818,0.0301558494791816,0,0.10971341262501,0.775,1.66279058361608,0.982925691101558,10.8856309886442,9.8793180631906,8.2181014289843,7.00249525537274,12.1452833537734,5.49261949543054,5.41953590016836,0.703785613532785,2.16187972267768,6.81737717921868,2.34189587977768,62.4,"this work",0.6,1.77900453949815,1.70092682142583,2.07000273993885,12.9173715824315,0.70749672584146,0.381375080113234,4.39926050542432,0.0852201764863853,4.9342769305173,1.44948040772581,0.096112739715778,0.228773292933612,0.8188823622011,0.409586329205609,2.24273822079838,36.2548816263079,27.7768519751951,0.069814825128508,2.89067482231736e-14,1.00000000000003,98.3220568808888,0.227593763813535,0.121020716972663,0.283770154875073,1.47857338567061,10.7914549560832,2.15044597520201,1.23823077958842,2.99269422137709,0.160188301666138,0.176224176089904,0.558136468126995,0.528091976460319,0.32681898990516,0.227593763813535,0.227674446473379
"76","Resveratrol",0.268,35.714,"Boocock2007","in silico","ChemAxon","in silico","ChemAxon","Berezhkovskiy","in silico",3.4,0.974796334725884,0.0252036652741155,0,0.0824045603244047,1,1.66279058361608,0.982925691101558,18.0370545102541,9.25324232348292,7.84545119584758,6.81142066501088,11.7679322335805,5.25084049190555,5.69758935892614,0.949530546955571,2.09804113215072,5.03654307706874,2.69651117887296,54.02990603,"this work",0.8,121.710552934729,112.369601707466,112.130255296105,290.217269394212,38.9418827290625,18.6368954919231,211.127903299786,5.86172394697097,309.802530291974,83.1789742599867,5.6621385573649,13.1377642387525,41.7482357332231,20.879697221812,129.295104351236,649.74747223148,289.287462839367,3.55910471462314,-3.70120340132518e-14,0.999999999999091,2457.29456924007,11.6031783583166,8.27962945134213,18.7469201367805,80.0930394972177,242.453859143034,118.364385194719,60.5094009478024,143.62442401346,11.0182780958101,11.0643760818562,32.0288695648774,31.1106514140929,18.7682346267893,11.6031783583166,11.6062797230751
"77","Rosuvastatin",0.0223,0.571,"Martin2002","in silico",NA,"in vitro","ChemAxon","RodgersRowland","S9",1.92,0.000397948744304725,0.999602051255695,9.54992529500487e-10,0.12,0.807,0.669305781426092,0.854829265569256,0.0344130559382845,0.0638540137127153,0.0661324878593651,0.112084046894923,0.11554018738997,0.101535904490509,0.0769875136539492,0.135898086828099,0.0667499299216075,0.156956751720866,0.0865535622935058,0,"this work",3.5,1.33929616268162,1.01334513001799,0.245144337740022,0.360404738886176,0.100648519814133,0.0819054793124116,0.302618358759654,0.191430493304366,4.94810969610997,1.0791939958258,0.0417094892953825,0.123712887555651,9.52680947342501,4.76334848537598,1.23429408935241,3.2828297248666,0,5.53272468247572,1.24775099209782e-11,1.00000000000426,34.1675257447989,2.64780696871179,0.0911085824953484,0.169059068776431,0.17510309838573,0.301090007423706,0.305922552626543,0.265926880884453,0.2058628290882,0.359831754331514,0.176718203432499,0.41555409927832,0.229173018106497,0.176732696508072,2.64780696871179,2.6477757005981
"78","Rosuvastatin",0.02907,0.571,"Shah2019","in vitro","ChemAxon","in silico","ChemAxon","Schmitt","S9",1.92,0.000397948744304725,0.999602051255695,9.54992529500487e-10,0.0710366739525883,0.807,0.226142741612494,0.509924538344802,0.282987827880541,0.0760671501657169,0.368277724151427,0.138817420309545,0.121237419330561,0.166110629191863,0.138166403944787,0.109387631201915,0.125221954947436,0.358692338260102,0.136384213982928,0,"this work",10.4,3.80067752801174,0.416687721447314,0.471192486232921,0.153133451435419,0.0364524820867938,0.0464562307445868,0.186677746537017,0.0531831215633672,3.20426973636506,0.851305966830869,0.0226845457456291,0.0801075188049423,3.28817648874231,1.64408967948655,0.799240672487426,1.94012444434756,0,3.38722397677132,4.53203751789638e-12,1.00000000000092,20.3816837976408,0.913890074692137,0.258549491701479,0.0695171231120488,0.336566061594943,0.127931037122322,0.11079781789299,0.150831918001905,0.126991664310896,0.0999682736153519,0.114438204870181,0.327803606788937,0.12464036123972,0.114439312578489,0.913890074692137,0.913890872421648
"79","S-warfarin",0.6481,0.143,"Wang2018","in silico",NA,"in vitro","ChemAxon","Berezhkovskiy","hep",2.74,0.0142484450164782,0.985751554983522,0,0.011,0.941,1.53901281612013,0.978432632514121,0.0962625623622152,0.710123642544465,0.810560222338386,0.743752553931467,1.01080542876679,0.66223726440205,0.674144469627584,0.452338249938456,0.494416754630499,0.608308839403433,0.545142106999941,0.988317757,"Wood 2017",3.5,0.396384818374548,1.1915883168563,0.317892453831235,0.25049916664057,0.093160357103386,0.0570825189168333,0.278064859746666,0.0674134485268108,3.87574037161129,0.44251859899773,0.027793950962531,0.0969449993618451,1.00793562579974,0.503967337976523,0.967224459020664,0.0448356621151485,0.113226219628471,0.0618374859959053,1.59605509300447e-12,1.00000000000016,9.79411065146619,0.280137750361239,0.0269649536309216,0.198795854684795,0.227066038450882,0.209272486750685,0.28316217964555,0.185332853626082,0.189159768535147,0.126717008509043,0.138419298986117,0.170396072005287,0.152714016277643,0.138492856231207,0.280137750361239,0.280137486368273
"80","S-warfarin",1.65,0.179,"Yan2014","in silico","ChemAxon","in silico","ChemAxon","Schmitt","hep",2.74,0.0142484450164782,0.985751554983522,0,0.0377353627644947,0.941,1.53901281612013,0.978432632514121,0.372832729606454,0.0702635851951471,0.332887914768628,0.111773785257565,0.103469616308124,0.13789690737555,0.11202338917887,0.0811986696915768,0.0992658765855969,0.325650783348306,0.107439103029976,0.988317757,"Wood 2017",2.3,3.62102669049833,0.280558183680844,0.310460099400023,0.0904151654320069,0.0226771392204934,0.0281968090147798,0.1102414148992,0.028776497790735,1.85140837811618,0.563333021794125,0.0130260740831901,0.0462887312874386,2.39683699479789,1.19842283902719,0.461826960650584,0.35579387863306,0.565233903203808,0.315238103873332,-1.04323154123756e-11,0.999999999998721,12.2597608854032,0.666158141967173,0.246328346292404,0.0468062695183114,0.221757213857159,0.0755348082138738,0.0689274748343265,0.0915480812168174,0.0749941597953739,0.0540911612607801,0.0661217277898637,0.216916835500241,0.0715718356219236,0.0661267589820552,0.666158141967173,0.666160555323619
"81","Sildenafil",0.24166,0.714,"Thanoon2010","in silico",NA,"in vitro","ADMET","Schmitt","hep",2.070091362,0.40679405238373,0.043710847735684,0.585498678671809,0.04,0.928,0.914301803495384,0.919662441398947,1.23175257411331,0.143712714944115,1.26111474611226,0.287902828698494,0.305074575019318,0.315287621439405,0.240329097913942,0.149917469860172,0.189105608037544,0.9670265357332,0.191685102312969,8.598130841,"Wood 2017",1.7,12.605676021464,0.805011798088833,1.65014871860543,0.376094939615139,0.0938431282702314,0.0904684424287441,0.35191658481086,0.0745741892082839,4.94336932642246,2.33894329632308,0.032618478045283,0.123733281887453,3.36423367417256,1.68208113173564,1.23447925834343,9.71393451718191,6.14709043804711,0.336511596465238,8.02292734706732e-12,1.00000000000369,45.9647288211157,0.93502881438926,0.857528981051974,0.134302263767254,1.17867765614674,0.314197944540634,0.285237471945992,0.293728709184234,0.239399037286299,0.140177047383992,0.176548904515088,0.900632767163298,0.179222406842214,0.176761831267791,0.93502881438926,0.935008967057052
"82","Sildenafil",0.60702,1.429,"Haque2014","in silico",NA,"in vitro","ADMET","RodgersRowland","hep",2.070091362,0.40679405238373,0.043710847735684,0.585498678671809,0.04,0.928,0.914301803495384,0.919662441398947,21.3667308059377,2.70820279651837,64.2698073863386,11.242203301628,10.0170096311137,12.3935370724621,8.30527960901204,4.49369260106914,6.10490813229538,43.9455067061832,6.13893515157864,8.598130841,"Wood 2017",1.1,3.39236917804333,2.26275409166854,6.85505737540545,12.0695931309757,0.764088859235319,0.9369473116003,8.45407045824195,0.590541349252506,10.1925336198935,3.25280010769317,0.265982450246216,0.523360149309775,0.88880295892784,0.444378273807286,5.10603675726692,33.6492097158627,2.29682503269203,0.0484831930137985,3.55295180330208e-13,1.00000000000033,91.9938340131364,0.247026948006626,0.230773413472335,0.377501295734013,4.89646955386103,10.0832022815169,2.32245853870918,3.042036725975,5.7510683389401,1.11004013017388,0.364019057853339,1.25252218240014,1.46144203431987,0.747657356156822,0.247026948006626,0.247014048808942
"83","Timolol",0.0826,0.286,"Fourtillan1981","in silico","ADMET","in silico","ADMET","RodgersRowland","in silico",1.592287632,0.998783368628394,0,0.00121663137160621,0.367426240733178,1,1.33966822431251,0.968036156240705,0.152415401284046,0.52413383834046,0.714151344276414,0.795884907196343,0.798149375638864,0.753925729463638,0.726160920786164,0.86479556883838,0.723477969097475,0.850382552834495,0.761413432876795,8.290473102,"this work",1.3,0.581955956920095,0.810971195524641,0.260841430119209,0.326167711693477,0.068508257612519,0.0585656690781871,0.300142536236822,0.120011974023152,5.00136963682882,0.573720507626379,0.0361535887552757,0.131464212714524,0.938542527312741,0.469303346704351,1.31104318373534,3.39626861115184,4.32331841882928,0.671735083072372,-6.04948628294428e-13,0.999999999999883,19.380083847939,0.260851174906265,0.0395888406068092,0.135296485924268,0.186315307228006,0.272487645525044,0.208231786056289,0.19014827622788,0.204178596079471,0.225586417336751,0.178620344172458,0.220916637514971,0.198646092061954,0.187806018163606,0.260851174906265,0.260869008729489
"84","Timolol",0.0843,0.286,"Lowenthal1978","in silico","ADMET","in silico","ADMET","Schmitt","in silico",1.592287632,0.998783368628394,0,0.00121663137160621,0.367426240733178,1,1.33966822431251,0.968036156240705,4.20511958335668,0.706600681416038,10.4148199734239,2.16288521509005,1.92056009308022,2.43607420853077,1.75723156919611,1.1251348640395,1.4065397020495,7.57868308179736,1.45926589542335,8.290473102,"this work",0.9,1.49035880776139,0.472065491068649,1.52019372810653,0.677427022765067,0.0737662085973992,0.0846998120255568,0.501508977701886,0.0698787380325702,3.22501118547232,1.17872515516257,0.0310061874951488,0.108569124056807,0.420027877327511,0.210035225747815,1.07763963833851,5.8039837674551,2.22178347401333,0.213403426810763,-3.66635532299653e-14,0.999999999999993,19.3800838479389,0.116739265516262,0.101384952908938,0.0787559440090639,1.08585266293324,0.565937362376832,0.224213399992095,0.274999389693366,0.341162569865229,0.131351011339418,0.115178970909726,0.45387953606568,0.170363667555762,0.155098748652582,0.116739265516262,0.116751098247813
"85","Tolbutamide",52.2,7.143,"Shon2002","in silico",NA,"in vitro","ChemAxon","Berezhkovskiy","hep",2.3,0.000850414218312942,0.999149585781687,0,0.04,0.927,1.40934226557714,0.972212951284151,0.0861828511477859,0.861905074115276,0.942818326411034,0.858373232549298,1.20540194077437,0.751706984622035,0.770865131214567,0.472516315192702,0.532857579976463,0.693722661858605,0.593712624661332,1.098909657,"Wood 2017",2.9,15.4767017449649,62.9201064369953,16.1265672586389,12.7656925239609,4.84524226498603,2.81851629898634,13.9255155995331,3.07130593605129,181.907561587502,22.0056988012474,1.32020077294188,4.55612956313224,43.9598023304504,21.9799152330286,45.4561095200655,8.160967715255,16.9438869338755,7.8762772499694,6.89909475998063e-13,1.00000000000335,486.116197771585,12.2178438939551,1.05283685339897,10.4971290495702,11.5189766133135,10.6647389506775,14.7271801367357,9.15102694476086,9.47313986362794,5.77313145874303,6.49669862812508,8.47350743213221,7.25385040077959,6.50875651876034,12.2178438939551,12.2178517137458
"86","Tolbutamide",67.8,7.143,"Shon2002","in vitro","ADMET","in silico","ADMET","Schmitt","hep",2.27305028,0.00924314893599438,0.990756851064006,0,0.0545165671190242,0.94,2.70676073337258,0.996913808474571,0.349607465927138,0.0758764334138594,0.355624579910973,0.126922211557231,0.115301967689623,0.154023936693003,0.126799598004,0.0962947302835479,0.113796504360381,0.34710530524448,0.123347964960665,1.098909657,"Wood 2017",1.2,132.083802998014,12.1879383631851,13.3446539310043,4.21287692670945,1.01685189197367,1.26539012618658,5.07430927039509,1.37329542708467,85.3350758408038,24.1434080945843,0.601762175916689,2.13483061683894,96.4520317556676,48.2242092046369,21.2991990086791,19.3642418920459,20.7703450030311,9.58265084879765,-3.70276523675933e-11,0.999999999815429,498.466873375555,26.8071238898465,8.98529272095334,2.03334624003968,9.53189566500306,3.51952959624849,3.09073523396251,4.10840950060578,3.45191106829598,2.5813823817381,3.04768128002871,9.29665309764509,3.30638558195983,3.04975802405562,26.8071238898465,26.8061196245897
"87","Verapamil",0.11517,1.143,"Haeri2014","in silico",NA,"in vitro","ADMET","RodgersRowland","hep",4.445136843,0.0801183430290192,0,0.919881656970981,0.1,0.477,1.6024290015463,0.980884068638418,32.9164585377678,17.5123908860221,33.860154479662,15.2987322073214,23.5907172730082,13.1102648223971,11.7298814835685,2.56607627275982,5.55548727351785,25.1399040052637,5.85903896887124,15.6,"Wambaugh 2019",0.9,1.9499317400067,1.86495866157713,3.55352423913798,17.2130430671144,0.912728476391135,0.715765891607882,9.17164154974833,0.245544004199109,5.90144034786787,1.80260683577008,0.180283973679922,0.310795949429072,0.647129855167135,0.323584738973578,3.02842088767875,18.5536129482513,12.0367014137068,0.0688197514525935,5.43224692703874e-14,1.00000000000004,78.4805343317598,0.179858214332167,0.132648417687531,0.311136023940009,2.53823159938427,14.3801529382744,2.77425068811895,2.32391523249312,6.2392119386043,0.461548880073512,0.210765726709567,0.694111219010427,0.990571283955613,0.443994213470103,0.179858214332167,0.179869226777975
"88","Verapamil",0.11517,1.143,"Haeri2014","in vitro","ADMET","in silico","ADMET","Schmitt","S9",4.445136843,0.0801183430290192,0,0.919881656970981,0.090037170434588,0.531,2.63275428548471,0.996560388079514,8.4381935810453,1.06091726788456,17.869283480367,3.41040274907336,3.04860603806025,3.87993923055241,2.71215230685451,1.55528893852098,2.07745406068798,13.0132739428686,2.14089161658936,29.76,"this work",0.3,1.33104368604493,1.00260807855409,2.691780448392,9.4441476364137,0.33438202322012,0.429221967489027,4.26068435962704,0.301065026934735,4.09597106348687,1.27486221779129,0.132112425350123,0.219367118061666,1.30922199674409,0.654392150963124,2.13576922233374,36.1935093071786,13.8813229864311,0.0433349352256324,8.9113256145483e-14,1.00000000000007,79.7347966502418,0.363874929612031,0.0905471895268659,0.167267777864657,1.92270032028,7.88984764946842,1.01635873319185,1.39357781652281,2.89842473444016,0.565911704764539,0.146284680838817,0.490898043046321,0.7258924469787,0.313381597230952,0.363874929612031,0.363753280135144
